execution_date,signal_date,hmm_refit,hmm_n_obs,p0_raw,p1_raw,p2_raw,p0_effective,p1_effective,p2_effective,hard_state,state_label,state0_avg_vol,state1_avg_vol,state2_avg_vol,risk_on_selected,neutral_selected,risk_off_selected,target_equity_weight,target_cash_weight,target_weights
2016-01-04,2015-12-31,True,224,0.9999999999993927,6.072513683996295e-13,1.7836027178874888e-19,0.9999999999993927,6.072513683996295e-13,1.7836027178874888e-19,0,Risk-On,0.25047222875305003,0.38268758545597353,0.5845826906365866,"电子,通信,计算机,电力设备","基础化工,建筑材料,有色金属","家用电器,食品饮料,公用事业",0.9999999999993927,6.072919944699606e-13,"{""801080_电子"": 0.24999999999984818, ""801770_通信"": 0.24999999999984818, ""801750_计算机"": 0.24999999999984818, ""801730_电力设备"": 0.24999999999984818}"
2016-02-01,2016-01-29,False,244,1.5199069071805745e-18,7.207233839412057e-10,0.9999999992792765,0.4999999999996964,3.606653176548027e-10,0.4999999996396383,0,Risk-On,0.25047222875305003,0.38268758545597353,0.5845826906365866,"通信,汽车,电子,医药生物","银行,家用电器,基础化工","食品饮料,家用电器,公用事业",1.0,0.0,"{""801770_通信"": 0.1249999999999241, ""801880_汽车"": 0.1249999999999241, ""801080_电子"": 0.1249999999999241, ""801150_医药生物"": 0.1249999999999241, ""801780_银行"": 1.2022177255160088e-10, ""801110_家用电器"": 0.16666666666676788, ""801030_基础化工"": 1.2022177255160088e-10, ""801120_食品饮料"": 0.1666666665465461, ""801160_公用事业"": 0.1666666665465461}"
2016-03-01,2016-02-29,False,260,1.2798207578397449e-05,0.9986472753401278,0.0013399264522938597,0.2500063991036374,0.4993236378503965,0.25066996304596606,1,Neutral,0.25047222875305003,0.38268758545597353,0.5845826906365866,"汽车,非银金融,电子,医药生物","银行,有色金属,家用电器","食品饮料,家用电器,公用事业",1.0,0.0,"{""801880_汽车"": 0.06250159977590936, ""801790_非银金融"": 0.06250159977590936, ""801080_电子"": 0.06250159977590936, ""801150_医药生物"": 0.06250159977590936, ""801780_银行"": 0.16644121261679884, ""801050_有色金属"": 0.16644121261679884, ""801110_家用电器"": 0.24999786696545417, ""801120_食品饮料"": 0.08355665434865535, ""801160_公用事业"": 0.08355665434865535}"
2016-04-01,2016-03-31,True,283,0.9999999999251747,7.482474665097734e-11,4.0445066829607427e-16,0.6250031995144061,0.24966181896261064,0.12533498152298322,0,Risk-On,0.24912308796581592,0.37047990189945995,0.5558255232723951,"非银金融,电子,汽车,计算机","有色金属,家用电器,基础化工","食品饮料,家用电器,公用事业",1.0,0.0,"{""801790_非银金融"": 0.15625079987860152, ""801080_电子"": 0.15625079987860152, ""801880_汽车"": 0.15625079987860152, ""801750_计算机"": 0.15625079987860152, ""801050_有色金属"": 0.08322060632087021, ""801110_家用电器"": 0.12499893349519794, ""801030_基础化工"": 0.08322060632087021, ""801120_食品饮料"": 0.04177832717432774, ""801160_公用事业"": 0.04177832717432774}"
2016-05-03,2016-04-29,False,303,0.9999999999999998,2.1281822044370123e-16,9.95819418572473e-17,0.8125015997572029,0.12483090948130543,0.06266749076149167,0,Risk-On,0.24912308796581592,0.37047990189945995,0.5558255232723951,"汽车,电子,电力设备,非银金融","有色金属,建筑材料,家用电器","食品饮料,家用电器,公用事业",0.9999999999999999,1.1102230246251565e-16,"{""801880_汽车"": 0.20312539993930073, ""801080_电子"": 0.20312539993930073, ""801730_电力设备"": 0.20312539993930073, ""801790_非银金融"": 0.20312539993930073, ""801050_有色金属"": 0.04161030316043514, ""801710_建筑材料"": 0.04161030316043514, ""801110_家用电器"": 0.06249946674759903, ""801120_食品饮料"": 0.02088916358716389, ""801160_公用事业"": 0.02088916358716389}"
2016-06-01,2016-05-31,False,324,0.9999999999963323,3.667474646182709e-12,2.0766497879249655e-16,0.9062507998767676,0.06241545474248645,0.03133374538074594,0,Risk-On,0.24912308796581592,0.37047990189945995,0.5558255232723951,"电子,汽车,非银金融,医药生物","有色金属,家用电器,银行","食品饮料,家用电器,交通运输",1.0,0.0,"{""801080_电子"": 0.2265626999691919, ""801880_汽车"": 0.2265626999691919, ""801790_非银金融"": 0.2265626999691919, ""801150_医药生物"": 0.2265626999691919, ""801050_有色金属"": 0.020805151580828816, ""801110_家用电器"": 0.031249733374410796, ""801780_银行"": 0.020805151580828816, ""801120_食品饮料"": 0.01044458179358198, ""801170_交通运输"": 0.01044458179358198}"
2016-07-01,2016-06-30,True,344,0.9999991380906312,1.5175294579531979e-21,8.619093688607865e-07,0.9531249689836994,0.031207727371243225,0.0156673036450574,0,Risk-On,0.22356194199527207,0.37057244039668535,0.5515887097998735,"电子,汽车,电力设备,医药生物","有色金属,家用电器,银行","食品饮料,家用电器,公用事业",0.9999999999999999,1.1102230246251565e-16,"{""801080_电子"": 0.23828124224592484, ""801880_汽车"": 0.23828124224592484, ""801730_电力设备"": 0.23828124224592484, ""801150_医药生物"": 0.23828124224592484, ""801050_有色金属"": 0.010402575790414408, ""801110_家用电器"": 0.015625010338766874, ""801780_银行"": 0.010402575790414408, ""801120_食品饮料"": 0.0052224345483524665, ""801160_公用事业"": 0.0052224345483524665}"
2016-08-01,2016-07-29,False,365,0.9999992775197645,4.311581649597063e-25,7.224802355639326e-07,0.9765621232517319,0.015603863685621612,0.007834013062646483,0,Risk-On,0.22356194199527207,0.37057244039668535,0.5515887097998735,"汽车,医药生物,电子,国防军工","有色金属,家用电器,基础化工","食品饮料,家用电器,公用事业",1.0,0.0,"{""801880_汽车"": 0.24414053081293297, ""801150_医药生物"": 0.24414053081293297, ""801080_电子"": 0.24414053081293297, ""801740_国防军工"": 0.24414053081293297, ""801050_有色金属"": 0.005201287895207204, ""801110_家用电器"": 0.007812625582756031, ""801030_基础化工"": 0.005201287895207204, ""801120_食品饮料"": 0.0026113376875488274, ""801160_公用事业"": 0.0026113376875488274}"
2016-09-01,2016-08-31,False,388,0.9999993471123585,4.278700674805201e-24,6.528876413988349e-07,0.9882807351820452,0.007801931842810806,0.00391733297514394,0,Risk-On,0.22356194199527207,0.37057244039668535,0.5515887097998735,"电子,国防军工,医药生物,通信","建筑材料,建筑装饰,基础化工","食品饮料,家用电器,公用事业",1.0,0.0,"{""801080_电子"": 0.2470701837955113, ""801740_国防军工"": 0.2470701837955113, ""801150_医药生物"": 0.2470701837955113, ""801770_通信"": 0.2470701837955113, ""801710_建筑材料"": 0.002600643947603602, ""801720_建筑装饰"": 0.002600643947603602, ""801030_基础化工"": 0.002600643947603602, ""801120_食品饮料"": 0.0013057776583813134, ""801110_家用电器"": 0.0013057776583813134, ""801160_公用事业"": 0.0013057776583813134}"
2016-10-10,2016-09-30,True,408,0.9999952290258862,4.770974005242009e-06,1.0849488721463033e-13,0.9941379821039658,0.003903351408408024,0.0019586664876262176,0,Risk-On,0.1673602773378634,0.3222390010119977,0.5558255232723951,"医药生物,通信,电子,汽车","家用电器,建筑材料,基础化工","家用电器,食品饮料,公用事业",1.0,0.0,"{""801150_医药生物"": 0.24853449552599144, ""801770_通信"": 0.24853449552599144, ""801080_电子"": 0.24853449552599144, ""801880_汽车"": 0.24853449552599144, ""801110_家用电器"": 0.001954005965344747, ""801710_建筑材料"": 0.001301117136136008, ""801030_基础化工"": 0.001301117136136008, ""801120_食品饮料"": 0.0006528888292087391, ""801160_公用事业"": 0.0006528888292087391}"
2016-11-01,2016-10-31,False,424,0.9999975747084247,2.425291498181865e-06,7.711267340962108e-14,0.9970677784061952,0.001952888349953103,0.0009793332438516652,0,Risk-On,0.1673602773378634,0.3222390010119977,0.5558255232723951,"电子,医药生物,机械设备,通信","建筑装饰,建筑材料,家用电器","食品饮料,家用电器,公用事业",1.0,0.0,"{""801080_电子"": 0.2492669446015488, ""801150_医药生物"": 0.2492669446015488, ""801890_机械设备"": 0.2492669446015488, ""801770_通信"": 0.2492669446015488, ""801720_建筑装饰"": 0.000650962783317701, ""801710_建筑材料"": 0.000650962783317701, ""801110_家用电器"": 0.0009774071979349228, ""801120_食品饮料"": 0.0003264444146172217, ""801160_公用事业"": 0.0003264444146172217}"
2016-12-01,2016-11-30,False,446,0.9999972566729215,2.7433270222721373e-06,5.6159950811177276e-14,0.9985325175395584,0.0009778158384876879,0.0004896666219539127,0,Risk-On,0.1673602773378634,0.3222390010119977,0.5558255232723951,"机械设备,通信,非银金融,医药生物","建筑装饰,家用电器,建筑材料","家用电器,食品饮料,公用事业",1.0,0.0,"{""801890_机械设备"": 0.2496331293848896, ""801770_通信"": 0.2496331293848896, ""801790_非银金融"": 0.2496331293848896, ""801150_医药生物"": 0.2496331293848896, ""801720_建筑装饰"": 0.00032593861282922927, ""801110_家用电器"": 0.0004891608201472001, ""801710_建筑材料"": 0.00032593861282922927, ""801120_食品饮料"": 0.00016322220731797087, ""801160_公用事业"": 0.00016322220731797087}"
2017-01-03,2016-12-30,True,468,0.9999999999999984,1.6628596102183749e-15,5.634313213158772e-21,0.9992662587697783,0.0004889079192446753,0.0002448333109769563,0,Risk-On,0.13383496396721692,0.2601709509243793,0.49668542584513997,"机械设备,通信,汽车,非银金融","建筑装饰,建筑材料,钢铁","家用电器,公用事业,食品饮料",1.0,0.0,"{""801890_机械设备"": 0.24981656469244456, ""801770_通信"": 0.24981656469244456, ""801880_汽车"": 0.24981656469244456, ""801790_非银金融"": 0.24981656469244456, ""801720_建筑装饰"": 0.00016296930641489176, ""801710_建筑材料"": 0.00016296930641489176, ""801040_钢铁"": 0.00016296930641489176, ""801110_家用电器"": 8.161110365898542e-05, ""801160_公用事业"": 8.161110365898542e-05, ""801120_食品饮料"": 8.161110365898542e-05}"
2017-02-03,2017-01-26,False,486,0.9999999999999996,4.16269795811079e-16,2.105536902884294e-21,0.9996331293848889,0.00024445395962254576,0.00012241665548847814,0,Risk-On,0.13383496396721692,0.2601709509243793,0.49668542584513997,"国防军工,非银金融,汽车,机械设备","钢铁,建筑装饰,建筑材料","家用电器,食品饮料,交通运输",1.0,0.0,"{""801740_国防军工"": 0.24990828234622223, ""801790_非银金融"": 0.24990828234622223, ""801880_汽车"": 0.24990828234622223, ""801890_机械设备"": 0.24990828234622223, ""801040_钢铁"": 8.148465320751525e-05, ""801720_建筑装饰"": 8.148465320751525e-05, ""801710_建筑材料"": 8.148465320751525e-05, ""801110_家用电器"": 4.080555182949271e-05, ""801120_食品饮料"": 4.080555182949271e-05, ""801170_交通运输"": 4.080555182949271e-05}"
2017-03-01,2017-02-28,False,504,0.9999999999999996,4.469573479822316e-16,1.769568449140964e-21,0.9998165646924443,0.0001222269798114964,6.120832774423908e-05,0,Risk-On,0.13383496396721692,0.2601709509243793,0.49668542584513997,"国防军工,汽车,机械设备,电力设备","钢铁,建筑材料,建筑装饰","家用电器,食品饮料,交通运输",0.9999999999999999,1.1102230246251565e-16,"{""801740_国防军工"": 0.24995414117311107, ""801880_汽车"": 0.24995414117311107, ""801890_机械设备"": 0.24995414117311107, ""801730_电力设备"": 0.24995414117311107, ""801040_钢铁"": 4.0742326603832125e-05, ""801710_建筑材料"": 4.0742326603832125e-05, ""801720_建筑装饰"": 4.0742326603832125e-05, ""801110_家用电器"": 2.040277591474636e-05, ""801120_食品饮料"": 2.040277591474636e-05, ""801170_交通运输"": 2.040277591474636e-05}"
2017-04-05,2017-03-31,True,527,0.999925247239074,7.475254824035716e-05,2.126855501538034e-10,0.9998709059657592,9.848976402592679e-05,3.060427021489462e-05,0,Risk-On,0.11527416093886587,0.24537726851754957,0.4865503384311941,"国防军工,汽车,机械设备,电子","家用电器,建筑装饰,钢铁","家用电器,食品饮料,交通运输",1.0,0.0,"{""801740_国防军工"": 0.2499677264914398, ""801880_汽车"": 0.2499677264914398, ""801890_机械设备"": 0.2499677264914398, ""801080_电子"": 0.2499677264914398, ""801110_家用电器"": 4.303134474694047e-05, ""801720_建筑装饰"": 3.282992134197559e-05, ""801040_钢铁"": 3.282992134197559e-05, ""801120_食品饮料"": 1.0201423404964873e-05, ""801170_交通运输"": 1.0201423404964873e-05}"
2017-05-02,2017-04-28,False,545,0.9999369802013239,6.301968977201755e-05,1.0890403039572026e-10,0.9999039430835416,8.075472689897217e-05,1.5302189559462508e-05,0,Risk-On,0.11527416093886587,0.24537726851754957,0.4865503384311941,"电子,汽车,国防军工,非银金融","家用电器,建筑装饰,建筑材料","家用电器,食品饮料,公用事业",0.9999999999999999,1.1102230246251565e-16,"{""801080_电子"": 0.2499759857708854, ""801880_汽车"": 0.2499759857708854, ""801740_国防军工"": 0.2499759857708854, ""801790_非银金融"": 0.2499759857708854, ""801110_家用电器"": 3.201897215281156e-05, ""801720_建筑装饰"": 2.691824229965739e-05, ""801710_建筑材料"": 2.691824229965739e-05, ""801120_食品饮料"": 5.100729853154169e-06, ""801160_公用事业"": 5.100729853154169e-06}"
2017-06-01,2017-05-31,False,565,0.9999014205383588,9.85792714549668e-05,1.901861991961707e-10,0.9999026818109502,8.966699917696948e-05,7.651189872830852e-06,0,Risk-On,0.11527416093886587,0.24537726851754957,0.4865503384311941,"非银金融,电子,医药生物,汽车","家用电器,银行,钢铁","家用电器,食品饮料,交通运输",0.9999999999999999,1.1102230246251565e-16,"{""801790_非银金融"": 0.24997567045273755, ""801080_电子"": 0.24997567045273755, ""801150_医药生物"": 0.24997567045273755, ""801880_汽车"": 0.24997567045273755, ""801110_家用电器"": 3.243939634993344e-05, ""801780_银行"": 2.9888999725656492e-05, ""801040_钢铁"": 2.9888999725656492e-05, ""801120_食品饮料"": 2.5503966242769508e-06, ""801170_交通运输"": 2.5503966242769508e-06}"
2017-07-03,2017-06-30,True,587,0.999884845347151,0.00011515404563184475,6.0721702463263e-10,0.9998937635790506,0.00010241052240440712,3.825898544927742e-06,0,Risk-On,0.10136033709305206,0.2190221290993927,0.4725373010098737,"非银金融,电子,汽车,医药生物","家用电器,银行,钢铁","家用电器,食品饮料,交通运输",0.9999999999999999,1.1102230246251565e-16,"{""801790_非银金融"": 0.24997344089476264, ""801080_电子"": 0.24997344089476264, ""801880_汽车"": 0.24997344089476264, ""801150_医药生物"": 0.24997344089476264, ""801110_家用电器"": 3.541214031644495e-05, ""801780_银行"": 3.413684080146904e-05, ""801040_钢铁"": 3.413684080146904e-05, ""801120_食品饮料"": 1.2752995149759141e-06, ""801170_交通运输"": 1.2752995149759141e-06}"
2017-08-01,2017-07-31,False,608,0.9999022476267949,9.77520998474198e-05,2.733577469999643e-10,0.9998980056029227,0.00010008131112591346,1.913085951337371e-06,0,Risk-On,0.10136033709305206,0.2190221290993927,0.4725373010098737,"非银金融,电子,汽车,医药生物","有色金属,钢铁,家用电器","家用电器,食品饮料,交通运输",0.9999999999999999,1.1102230246251565e-16,"{""801790_非银金融"": 0.2499745014007307, ""801080_电子"": 0.2499745014007307, ""801880_汽车"": 0.2499745014007307, ""801150_医药生物"": 0.2499745014007307, ""801050_有色金属"": 3.3360437041971155e-05, ""801040_钢铁"": 3.3360437041971155e-05, ""801110_家用电器"": 3.399813235908361e-05, ""801120_食品饮料"": 6.37695317112457e-07, ""801170_交通运输"": 6.37695317112457e-07}"
2017-09-01,2017-08-31,False,631,0.9997565259835338,0.0002434719318351268,2.0846311030305247e-09,0.9998272657932283,0.00017177662148052013,9.575852912202007e-07,0,Risk-On,0.10136033709305206,0.2190221290993927,0.4725373010098737,"非银金融,电子,计算机,通信","有色金属,钢铁,银行","食品饮料,家用电器,交通运输",0.9999999999999998,2.220446049250313e-16,"{""801790_非银金融"": 0.24995681644830708, ""801080_电子"": 0.24995681644830708, ""801750_计算机"": 0.24995681644830708, ""801770_通信"": 0.24995681644830708, ""801050_有色金属"": 5.725887382684004e-05, ""801040_钢铁"": 5.725887382684004e-05, ""801780_银行"": 5.725887382684004e-05, ""801120_食品饮料"": 3.191950970734002e-07, ""801110_家用电器"": 3.191950970734002e-07, ""801170_交通运输"": 3.191950970734002e-07}"
2017-10-09,2017-09-29,True,652,0.9999229981697193,7.700094519484739e-05,8.850858469356478e-10,0.9998751319814738,0.00012438878333768374,4.792351885335681e-07,0,Risk-On,0.10134784445503942,0.2190221290993927,0.4725373010098737,"非银金融,电子,通信,汽车","有色金属,家用电器,钢铁","食品饮料,家用电器,交通运输",0.9999999999999999,1.1102230246251565e-16,"{""801790_非银金融"": 0.24996878299536845, ""801080_电子"": 0.24996878299536845, ""801770_通信"": 0.24996878299536845, ""801880_汽车"": 0.24996878299536845, ""801050_有色金属"": 4.146292777922791e-05, ""801110_家用电器"": 4.162267284207243e-05, ""801040_钢铁"": 4.146292777922791e-05, ""801120_食品饮料"": 1.597450628445227e-07, ""801170_交通运输"": 1.597450628445227e-07}"
2017-11-01,2017-10-31,False,669,0.9999661957778749,3.3804097906145055e-05,1.242189862428341e-10,0.9999206638796744,7.90964406219144e-05,2.3967970375990546e-07,0,Risk-On,0.10134784445503942,0.2190221290993927,0.4725373010098737,"电子,非银金融,通信,医药生物","家用电器,有色金属,银行","食品饮料,家用电器,交通运输",1.0,0.0,"{""801080_电子"": 0.2499801659699186, ""801790_非银金融"": 0.2499801659699186, ""801770_通信"": 0.2499801659699186, ""801150_医药生物"": 0.2499801659699186, ""801110_家用电器"": 2.6445373441891436e-05, ""801050_有色金属"": 2.63654802073048e-05, ""801780_银行"": 2.63654802073048e-05, ""801120_食品饮料"": 7.989323458663515e-08, ""801170_交通运输"": 7.989323458663515e-08}"
2017-12-01,2017-11-30,False,691,0.000919654504744028,0.9989077584877614,0.00017258700749451698,0.5004201591922092,0.4994934274641916,8.641334359913844e-05,0,Risk-On,0.10134784445503942,0.2190221290993927,0.4725373010098737,"非银金融,电子,通信,医药生物","钢铁,家用电器,有色金属","食品饮料,家用电器,交通运输",0.9999999999999999,1.1102230246251565e-16,"{""801790_非银金融"": 0.1251050397980523, ""801080_电子"": 0.1251050397980523, ""801770_通信"": 0.1251050397980523, ""801150_医药生物"": 0.1251050397980523, ""801040_钢铁"": 0.16649780915473053, ""801110_家用电器"": 0.1665266136025969, ""801050_有色金属"": 0.16649780915473053, ""801120_食品饮料"": 2.8804447866379478e-05, ""801170_交通运输"": 2.8804447866379478e-05}"
2018-01-02,2017-12-29,True,712,0.006824269640093801,0.9930412059804655,0.00013452437944061797,0.25362221441615146,0.7462673167223286,0.00011046886151987821,1,Neutral,0.09387575156184925,0.17539612466549362,0.4105546709986181,"医药生物,非银金融,电子,通信","家用电器,银行,钢铁","食品饮料,家用电器,交通运输",1.0,0.0,"{""801150_医药生物"": 0.06340555360403786, ""801790_非银金融"": 0.06340555360403786, ""801080_电子"": 0.06340555360403786, ""801770_通信"": 0.06340555360403786, ""801110_家用电器"": 0.24879259519461616, ""801780_银行"": 0.2487557722407762, ""801040_钢铁"": 0.2487557722407762, ""801120_食品饮料"": 3.68229538399594e-05, ""801170_交通运输"": 3.68229538399594e-05}"
2018-02-01,2018-01-31,False,734,0.9990715981511841,0.0009282547120868633,1.4713672898143378e-07,0.6263469062836678,0.3735977857172078,5.530799912442983e-05,0,Risk-On,0.09387575156184925,0.17539612466549362,0.4105546709986181,"非银金融,医药生物,汽车,电子","家用电器,银行,建筑材料","食品饮料,家用电器,交通运输",1.0,0.0,"{""801790_非银金融"": 0.15658672657091696, ""801150_医药生物"": 0.15658672657091696, ""801880_汽车"": 0.15658672657091696, ""801080_电子"": 0.15658672657091696, ""801110_家用电器"": 0.12455103123877741, ""801780_银行"": 0.12453259523906926, ""801710_建筑材料"": 0.12453259523906926, ""801120_食品饮料"": 1.8435999708143276e-05, ""801170_交通运输"": 1.8435999708143276e-05}"
2018-03-01,2018-02-28,False,749,3.0291377052447776e-16,0.009946411157801002,0.9900535888421987,0.3131734531418341,0.1917720984375044,0.4950544484206616,2,Risk-Off,0.09387575156184925,0.17539612466549362,0.4105546709986181,"医药生物,电子,汽车,计算机","家用电器,钢铁,银行","食品饮料,家用电器,交通运输",1.0,0.0,"{""801150_医药生物"": 0.07829336328545852, ""801080_电子"": 0.07829336328545852, ""801880_汽车"": 0.07829336328545852, ""801750_计算机"": 0.07829336328545852, ""801110_家用电器"": 0.22894218228605534, ""801040_钢铁"": 0.06392403281250146, ""801780_银行"": 0.06392403281250146, ""801120_食品饮料"": 0.16501814947355387, ""801170_交通运输"": 0.16501814947355387}"
2018-04-02,2018-03-30,True,771,0.00022742411803705197,0.9996778956474693,9.46802344935648e-05,0.15670043862993557,0.5957249970424868,0.24757456432757757,1,Neutral,0.09547001118051537,0.20487147955909404,0.4694383633411814,"医药生物,计算机,电子,国防军工","家用电器,银行,建筑材料","家用电器,食品饮料,交通运输",1.0,0.0,"{""801150_医药生物"": 0.03917510965748389, ""801750_计算机"": 0.03917510965748389, ""801080_电子"": 0.03917510965748389, ""801740_国防军工"": 0.03917510965748389, ""801110_家用电器"": 0.28109985379002145, ""801780_银行"": 0.19857499901416226, ""801710_建筑材料"": 0.19857499901416226, ""801120_食品饮料"": 0.08252485477585919, ""801170_交通运输"": 0.08252485477585919}"
2018-05-02,2018-04-27,False,789,4.57180797749811e-05,0.9998484842340263,0.00010579768619881702,0.07837307835485528,0.7977867406382566,0.12384018100688819,1,Neutral,0.09547001118051537,0.20487147955909404,0.4694383633411814,"计算机,医药生物,国防军工,通信","钢铁,银行,基础化工","食品饮料,交通运输,家用电器",0.9999999999999999,1.1102230246251565e-16,"{""801750_计算机"": 0.01959326958871382, ""801150_医药生物"": 0.01959326958871382, ""801740_国防军工"": 0.01959326958871382, ""801770_通信"": 0.01959326958871382, ""801040_钢铁"": 0.2659289135460855, ""801780_银行"": 0.2659289135460855, ""801030_基础化工"": 0.2659289135460855, ""801120_食品饮料"": 0.04128006033562939, ""801170_交通运输"": 0.04128006033562939, ""801110_家用电器"": 0.04128006033562939}"
2018-06-01,2018-05-31,False,811,8.949667232867841e-06,0.9997756371415502,0.00021541319121699972,0.03919101401104408,0.8987811888899033,0.062027797099052595,1,Neutral,0.09547001118051537,0.20487147955909404,0.4694383633411814,"医药生物,计算机,汽车,通信","家用电器,基础化工,银行","食品饮料,家用电器,交通运输",1.0,0.0,"{""801150_医药生物"": 0.00979775350276102, ""801750_计算机"": 0.00979775350276102, ""801880_汽车"": 0.00979775350276102, ""801770_通信"": 0.00979775350276102, ""801110_家用电器"": 0.3202696619963186, ""801030_基础化工"": 0.2995937296299678, ""801780_银行"": 0.2995937296299678, ""801120_食品饮料"": 0.020675932366350864, ""801170_交通运输"": 0.020675932366350864}"
2018-07-02,2018-06-29,True,831,1.3047518423003124e-10,0.9893387152199321,0.010661284649592751,0.019595507070759632,0.9440599520549178,0.03634454087432267,1,Neutral,0.09453260955982859,0.1686830608056838,0.3858412086495716,"医药生物,计算机,汽车,非银金融","家用电器,基础化工,钢铁","食品饮料,家用电器,交通运输",1.0000000000000002,0.0,"{""801150_医药生物"": 0.004898876767689908, ""801750_计算机"": 0.004898876767689908, ""801880_汽车"": 0.004898876767689908, ""801790_非银金融"": 0.004898876767689908, ""801110_家用电器"": 0.32680149764308014, ""801030_基础化工"": 0.3146866506849726, ""801040_钢铁"": 0.3146866506849726, ""801120_食品饮料"": 0.012114846958107557, ""801170_交通运输"": 0.012114846958107557}"
2018-08-01,2018-07-31,False,853,1.2607594779798557e-06,0.9639738952518545,0.036024843988667433,0.009798383915118806,0.9540169236533862,0.03618469243149505,1,Neutral,0.09453260955982859,0.1686830608056838,0.3858412086495716,"医药生物,计算机,国防军工,电子","钢铁,建筑材料,基础化工","食品饮料,公用事业,家用电器",0.9999999999999999,1.1102230246251565e-16,"{""801150_医药生物"": 0.0024495959787797015, ""801750_计算机"": 0.0024495959787797015, ""801740_国防军工"": 0.0024495959787797015, ""801080_电子"": 0.0024495959787797015, ""801040_钢铁"": 0.3180056412177954, ""801710_建筑材料"": 0.3180056412177954, ""801030_基础化工"": 0.3180056412177954, ""801120_食品饮料"": 0.012061564143831683, ""801160_公用事业"": 0.012061564143831683, ""801110_家用电器"": 0.012061564143831683}"
2018-09-03,2018-08-31,False,876,5.532087228652429e-13,0.009044746049405267,0.9909552539500416,0.004899191957836007,0.48153083485139575,0.5135699731907684,2,Risk-Off,0.09453260955982859,0.1686830608056838,0.3858412086495716,"计算机,国防军工,非银金融,医药生物","银行,钢铁,建筑材料","食品饮料,公用事业,交通运输",1.0,0.0,"{""801750_计算机"": 0.0012247979894590018, ""801740_国防军工"": 0.0012247979894590018, ""801790_非银金融"": 0.0012247979894590018, ""801150_医药生物"": 0.0012247979894590018, ""801780_银行"": 0.16051027828379857, ""801040_钢铁"": 0.16051027828379857, ""801710_建筑材料"": 0.16051027828379857, ""801120_食品饮料"": 0.17118999106358945, ""801160_公用事业"": 0.17118999106358945, ""801170_交通运输"": 0.17118999106358945}"
2018-10-08,2018-09-28,True,895,7.898127114109953e-08,0.9996604233003712,0.0003394977183576635,0.0024496354695535743,0.7405956290758835,0.256954735454563,1,Neutral,0.09477636960179962,0.19063856308291663,0.42742282277623467,"非银金融,国防军工,汽车,医药生物","银行,钢铁,建筑装饰","食品饮料,公用事业,交通运输",1.0000000000000002,0.0,"{""801790_非银金融"": 0.0006124088673883936, ""801740_国防军工"": 0.0006124088673883936, ""801880_汽车"": 0.0006124088673883936, ""801150_医药生物"": 0.0006124088673883936, ""801780_银行"": 0.24686520969196116, ""801040_钢铁"": 0.24686520969196116, ""801720_建筑装饰"": 0.24686520969196116, ""801120_食品饮料"": 0.08565157848485433, ""801160_公用事业"": 0.08565157848485433, ""801170_交通运输"": 0.08565157848485433}"
2018-11-01,2018-10-31,False,913,8.304201031456344e-43,4.729626075831206e-06,0.9999952703739242,0.0012248177347767872,0.37030017935097964,0.6284750029142436,2,Risk-Off,0.09477636960179962,0.19063856308291663,0.42742282277623467,"非银金融,国防军工,汽车,机械设备","银行,钢铁,建筑装饰","公用事业,交通运输,家用电器",1.0,0.0,"{""801790_非银金融"": 0.0003062044336941968, ""801740_国防军工"": 0.0003062044336941968, ""801880_汽车"": 0.0003062044336941968, ""801890_机械设备"": 0.0003062044336941968, ""801780_银行"": 0.12343339311699321, ""801040_钢铁"": 0.12343339311699321, ""801720_建筑装饰"": 0.12343339311699321, ""801160_公用事业"": 0.2094916676380812, ""801170_交通运输"": 0.2094916676380812, ""801110_家用电器"": 0.2094916676380812}"
2018-12-03,2018-11-30,False,935,3.99228097254164e-06,0.9997083811171662,0.00028762660186117394,0.0006144050078746644,0.6850042802340729,0.3143813147580524,1,Neutral,0.09477636960179962,0.19063856308291663,0.42742282277623467,"非银金融,国防军工,电力设备,机械设备","银行,建筑装饰,建筑材料","公用事业,交通运输,家用电器",0.9999999999999998,2.220446049250313e-16,"{""801790_非银金融"": 0.0001536012519686661, ""801740_国防军工"": 0.0001536012519686661, ""801730_电力设备"": 0.0001536012519686661, ""801890_机械设备"": 0.0001536012519686661, ""801780_银行"": 0.22833476007802428, ""801720_建筑装饰"": 0.22833476007802428, ""801710_建筑材料"": 0.22833476007802428, ""801160_公用事业"": 0.10479377158601746, ""801170_交通运输"": 0.10479377158601746, ""801110_家用电器"": 0.10479377158601746}"
2019-01-02,2018-12-28,True,955,1.001017035721696e-05,0.9996992055598753,0.0002907842697675228,0.00031220758911594066,0.8423517428969741,0.15733604951390998,1,Neutral,0.09491281983895437,0.19202347388032023,0.4140306508121652,"通信,非银金融,电力设备,机械设备","银行,建筑装饰,建筑材料","公用事业,交通运输,家用电器",1.0,0.0,"{""801770_通信"": 7.805189727898516e-05, ""801790_非银金融"": 7.805189727898516e-05, ""801730_电力设备"": 7.805189727898516e-05, ""801890_机械设备"": 7.805189727898516e-05, ""801780_银行"": 0.28078391429899136, ""801720_建筑装饰"": 0.28078391429899136, ""801710_建筑材料"": 0.28078391429899136, ""801160_公用事业"": 0.05244534983796999, ""801170_交通运输"": 0.05244534983796999, ""801110_家用电器"": 0.05244534983796999}"
2019-02-01,2019-01-31,False,977,0.0007167266289888306,0.9989011688285937,0.0003821045424175047,0.0005144671090523856,0.9206264558627839,0.07885907702816373,1,Neutral,0.09491281983895437,0.19202347388032023,0.4140306508121652,"非银金融,电力设备,通信,国防军工","家用电器,银行,建筑材料","家用电器,食品饮料,交通运输",1.0,0.0,"{""801790_非银金融"": 0.0001286167772630964, ""801730_电力设备"": 0.0001286167772630964, ""801770_通信"": 0.0001286167772630964, ""801740_国防军工"": 0.0001286167772630964, ""801110_家用电器"": 0.33316184429698253, ""801780_银行"": 0.3068754852875946, ""801710_建筑材料"": 0.3068754852875946, ""801120_食品饮料"": 0.02628635900938791, ""801170_交通运输"": 0.02628635900938791}"
2019-03-01,2019-02-28,False,992,6.652638897863748e-17,0.20356341510090348,0.7964365848990964,0.0002572335545262261,0.5620949354818436,0.4376478309636301,1,Neutral,0.09491281983895437,0.19202347388032023,0.4140306508121652,"非银金融,通信,电力设备,国防军工","家用电器,银行,有色金属","食品饮料,家用电器,交通运输",1.0,0.0,"{""801790_非银金融"": 6.430838863155652e-05, ""801770_通信"": 6.430838863155652e-05, ""801730_电力设备"": 6.430838863155652e-05, ""801740_国防军工"": 6.430838863155652e-05, ""801110_家用电器"": 0.3332475888151579, ""801780_银行"": 0.18736497849394787, ""801050_有色金属"": 0.18736497849394787, ""801120_食品饮料"": 0.14588261032121003, ""801170_交通运输"": 0.14588261032121003}"
2019-04-01,2019-03-29,True,1013,3.3617269925327018e-25,0.00737061103853049,0.9926293889614695,0.00012861677726311305,0.2847327732601871,0.7151386099625497,2,Risk-Off,0.09477636960179962,0.18821637874696717,0.396674361496761,"计算机,非银金融,通信,国防军工","家用电器,建筑材料,基础化工","食品饮料,家用电器,交通运输",0.9999999999999998,2.220446049250313e-16,"{""801750_计算机"": 3.215419431577826e-05, ""801790_非银金融"": 3.215419431577826e-05, ""801770_通信"": 3.215419431577826e-05, ""801740_国防军工"": 3.215419431577826e-05, ""801110_家用电器"": 0.3332904610742456, ""801710_建筑材料"": 0.09491092442006235, ""801030_基础化工"": 0.09491092442006235, ""801120_食品饮料"": 0.23837953665418324, ""801170_交通运输"": 0.23837953665418324}"
2019-05-06,2019-04-30,False,1034,2.400145571710278e-07,0.9995244012174059,0.0004753587680369554,6.442839591014203e-05,0.6421285872387965,0.35780698436529335,1,Neutral,0.09477636960179962,0.18821637874696717,0.396674361496761,"通信,非银金融,计算机,电子","家用电器,建筑材料,基础化工","食品饮料,家用电器,交通运输",0.9999999999999999,1.1102230246251565e-16,"{""801770_通信"": 1.6107098977535508e-05, ""801790_非银金融"": 1.6107098977535508e-05, ""801750_计算机"": 1.6107098977535508e-05, ""801080_电子"": 1.6107098977535508e-05, ""801110_家用电器"": 0.33331185720136325, ""801710_建筑材料"": 0.21404286241293216, ""801030_基础化工"": 0.21404286241293216, ""801120_食品饮料"": 0.11926899478843112, ""801170_交通运输"": 0.11926899478843112}"
2019-06-03,2019-05-31,False,1054,4.0587873879962546e-30,0.0001645158134685186,0.9998354841865315,3.2214197955071016e-05,0.32114655152613253,0.6788212342759123,2,Risk-Off,0.09477636960179962,0.18821637874696717,0.396674361496761,"计算机,国防军工,非银金融,通信","家用电器,建筑材料,有色金属","食品饮料,家用电器,交通运输",0.9999999999999998,2.220446049250313e-16,"{""801750_计算机"": 8.053549488767754e-06, ""801740_国防军工"": 8.053549488767754e-06, ""801790_非银金融"": 8.053549488767754e-06, ""801770_通信"": 8.053549488767754e-06, ""801110_家用电器"": 0.33332259526734825, ""801710_建筑材料"": 0.10704885050871084, ""801050_有色金属"": 0.10704885050871084, ""801120_食品饮料"": 0.22627374475863743, ""801170_交通运输"": 0.22627374475863743}"
2019-07-01,2019-06-28,True,1073,3.9730210887175e-06,0.999545536415428,0.0004504905634832713,1.8093609521894262e-05,0.6603460439707803,0.33963586241969784,1,Neutral,0.09477636960179962,0.19060746095238082,0.3901918508196715,"非银金融,计算机,国防军工,通信","家用电器,建筑材料,银行","食品饮料,家用电器,交通运输",1.0,0.0,"{""801790_非银金融"": 4.5234023804735655e-06, ""801750_计算机"": 4.5234023804735655e-06, ""801740_国防军工"": 4.5234023804735655e-06, ""801770_通信"": 4.5234023804735655e-06, ""801110_家用电器"": 0.3333273021301594, ""801710_建筑材料"": 0.2201153479902601, ""801780_银行"": 0.2201153479902601, ""801120_食品饮料"": 0.11321195413989928, ""801170_交通运输"": 0.11321195413989928}"
2019-08-01,2019-07-31,False,1096,0.49724624022511754,0.5021089924361821,0.0006447673387003223,0.2486321669173197,0.5812275182034812,0.1701403148791991,1,Neutral,0.09477636960179962,0.19060746095238082,0.3901918508196715,"电子,非银金融,国防军工,计算机","家用电器,建筑材料,有色金属","食品饮料,家用电器,交通运输",1.0,0.0,"{""801080_电子"": 0.06215804172932993, ""801790_非银金融"": 0.06215804172932993, ""801740_国防军工"": 0.06215804172932993, ""801750_计算机"": 0.06215804172932993, ""801110_家用电器"": 0.2504559443608934, ""801710_建筑材料"": 0.19374250606782706, ""801050_有色金属"": 0.19374250606782706, ""801120_食品饮料"": 0.05671343829306636, ""801170_交通运输"": 0.05671343829306636}"
2019-09-02,2019-08-30,False,1118,7.019749068199308e-05,0.9995077355541585,0.00042206695515937707,0.12435118220400086,0.7903676268788199,0.08528119091717924,1,Neutral,0.09477636960179962,0.19060746095238082,0.3901918508196715,"国防军工,医药生物,电子,非银金融","家用电器,建筑材料,有色金属","食品饮料,家用电器,交通运输",1.0,0.0,"{""801740_国防军工"": 0.031087795551000216, ""801150_医药生物"": 0.031087795551000216, ""801080_电子"": 0.031087795551000216, ""801790_非银金融"": 0.031087795551000216, ""801110_家用电器"": 0.291882939265333, ""801710_建筑材料"": 0.26345587562627326, ""801050_有色金属"": 0.26345587562627326, ""801120_食品饮料"": 0.028427063639059745, ""801170_交通运输"": 0.028427063639059745}"
2019-10-08,2019-09-30,True,1138,0.9858176839787601,0.014179592636251938,2.7233849878243175e-06,0.5550844330913806,0.40227360975753595,0.04264195715108354,0,Risk-On,0.0971069835140137,0.1885948987624286,0.3897859530262165,"电子,医药生物,计算机,非银金融","家用电器,银行,建筑材料","食品饮料,家用电器,交通运输",1.0,0.0,"{""801080_电子"": 0.13877110827284514, ""801150_医药生物"": 0.13877110827284514, ""801750_计算机"": 0.13877110827284514, ""801790_非银金融"": 0.13877110827284514, ""801110_家用电器"": 0.14830518896953981, ""801780_银行"": 0.13409120325251198, ""801710_建筑材料"": 0.13409120325251198, ""801120_食品饮料"": 0.014213985717027847, ""801170_交通运输"": 0.014213985717027847}"
2019-11-01,2019-10-31,False,1156,0.9996861808537939,0.0003137964688078881,2.26773981943716e-08,0.7773853069725872,0.20129370311317193,0.02132098991424087,0,Risk-On,0.0971069835140137,0.1885948987624286,0.3897859530262165,"电子,医药生物,计算机,传媒","家用电器,银行,建筑材料","食品饮料,家用电器,公用事业",1.0,0.0,"{""801080_电子"": 0.1943463267431468, ""801150_医药生物"": 0.1943463267431468, ""801750_计算机"": 0.1943463267431468, ""801760_传媒"": 0.1943463267431468, ""801110_家用电器"": 0.07420489767580427, ""801780_银行"": 0.06709790103772398, ""801710_建筑材料"": 0.06709790103772398, ""801120_食品饮料"": 0.007106996638080289, ""801160_公用事业"": 0.007106996638080289}"
2019-12-02,2019-11-29,False,1177,0.9977461960931033,0.0022529729429951097,8.309639016021686e-07,0.8875657515328452,0.10177333802808353,0.010660910439071235,0,Risk-On,0.0971069835140137,0.1885948987624286,0.3897859530262165,"电子,医药生物,计算机,传媒","建筑材料,家用电器,银行","食品饮料,家用电器,公用事业",1.0,0.0,"{""801080_电子"": 0.2218914378832113, ""801150_医药生物"": 0.2218914378832113, ""801750_计算机"": 0.2218914378832113, ""801760_传媒"": 0.2218914378832113, ""801710_建筑材料"": 0.033924446009361175, ""801110_家用电器"": 0.03747808282238492, ""801780_银行"": 0.033924446009361175, ""801120_食品饮料"": 0.003553636813023745, ""801160_公用事业"": 0.003553636813023745}"
2020-01-02,2019-12-31,True,1199,0.99956648881676,0.00043340614245812294,1.0504078192875464e-07,0.9435661201748027,0.051103372085270826,0.005330507739926582,0,Risk-On,0.10374161044549339,0.19306193378243516,0.3897859530262165,"电子,传媒,计算机,医药生物","建筑材料,家用电器,有色金属","家用电器,食品饮料,交通运输",1.0,0.0,"{""801080_电子"": 0.23589153004370067, ""801760_传媒"": 0.23589153004370067, ""801750_计算机"": 0.23589153004370067, ""801150_医药生物"": 0.23589153004370067, ""801710_建筑材料"": 0.01703445736175694, ""801110_家用电器"": 0.0188112932750658, ""801050_有色金属"": 0.01703445736175694, ""801120_食品饮料"": 0.0017768359133088604, ""801170_交通运输"": 0.0017768359133088604}"
2020-02-03,2020-01-23,False,1215,0.0003234049875181843,0.9971404358222722,0.002536159190209573,0.47194476258116047,0.5241219039537716,0.0039333334650680785,1,Neutral,0.10374161044549339,0.19306193378243516,0.3897859530262165,"电子,计算机,传媒,医药生物","建筑材料,有色金属,家用电器","家用电器,食品饮料,公用事业",1.0,0.0,"{""801080_电子"": 0.11798619064529012, ""801750_计算机"": 0.11798619064529012, ""801760_传媒"": 0.11798619064529012, ""801150_医药生物"": 0.11798619064529012, ""801710_建筑材料"": 0.17470730131792384, ""801050_有色金属"": 0.17470730131792384, ""801110_家用电器"": 0.17601841247294653, ""801120_食品饮料"": 0.0013111111550226928, ""801160_公用事业"": 0.0013111111550226928}"
2020-03-02,2020-02-28,False,1235,2.275384654910121e-43,2.064478105487713e-09,0.9999999979355219,0.23597238129058024,0.26206095300912485,0.501966665700295,2,Risk-Off,0.10374161044549339,0.19306193378243516,0.3897859530262165,"电子,计算机,通信,传媒","建筑材料,基础化工,家用电器","家用电器,食品饮料,公用事业",1.0,0.0,"{""801080_电子"": 0.05899309532264506, ""801750_计算机"": 0.05899309532264506, ""801770_通信"": 0.05899309532264506, ""801760_传媒"": 0.05899309532264506, ""801710_建筑材料"": 0.08735365100304161, ""801030_基础化工"": 0.08735365100304161, ""801110_家用电器"": 0.2546758729031399, ""801120_食品饮料"": 0.16732222190009832, ""801160_公用事业"": 0.16732222190009832}"
2020-04-01,2020-03-31,True,1257,1.11069950652033e-25,3.520073224960456e-05,0.9999647992677504,0.11798619064529012,0.13104807687068723,0.7509657324840227,2,Risk-Off,0.10469434718534083,0.1931325156724896,0.3817740122601212,"医药生物,计算机,通信,电力设备","建筑材料,建筑装饰,基础化工","食品饮料,公用事业,家用电器",1.0,0.0,"{""801150_医药生物"": 0.02949654766132253, ""801750_计算机"": 0.02949654766132253, ""801770_通信"": 0.02949654766132253, ""801730_电力设备"": 0.02949654766132253, ""801710_建筑材料"": 0.04368269229022907, ""801720_建筑装饰"": 0.04368269229022907, ""801030_基础化工"": 0.04368269229022907, ""801120_食品饮料"": 0.25032191082800753, ""801160_公用事业"": 0.25032191082800753, ""801110_家用电器"": 0.25032191082800753}"
2020-05-06,2020-04-30,False,1278,0.007378209781451858,0.9918757070372464,0.0007460831813018614,0.06268220021337098,0.5614618919539668,0.37585590783266226,1,Neutral,0.10469434718534083,0.1931325156724896,0.3817740122601212,"电力设备,计算机,电子,医药生物","建筑材料,基础化工,建筑装饰","食品饮料,公用事业,家用电器",1.0,0.0,"{""801730_电力设备"": 0.015670550053342745, ""801750_计算机"": 0.015670550053342745, ""801080_电子"": 0.015670550053342745, ""801150_医药生物"": 0.015670550053342745, ""801710_建筑材料"": 0.18715396398465559, ""801030_基础化工"": 0.18715396398465559, ""801720_建筑装饰"": 0.18715396398465559, ""801120_食品饮料"": 0.1252853026108874, ""801160_公用事业"": 0.1252853026108874, ""801110_家用电器"": 0.1252853026108874}"
2020-06-01,2020-05-29,False,1296,0.9981742626616122,0.0018056596930113228,2.0077645376419187e-05,0.5304282314374916,0.28163377582348903,0.18793799273901934,0,Risk-On,0.10469434718534083,0.1931325156724896,0.3817740122601212,"医药生物,电力设备,传媒,计算机","建筑材料,家用电器,有色金属","食品饮料,家用电器,交通运输",1.0,0.0,"{""801150_医药生物"": 0.1326070578593729, ""801730_电力设备"": 0.1326070578593729, ""801760_传媒"": 0.1326070578593729, ""801750_计算机"": 0.1326070578593729, ""801710_建筑材料"": 0.09387792527449634, ""801110_家用电器"": 0.15652392285416944, ""801050_有色金属"": 0.09387792527449634, ""801120_食品饮料"": 0.06264599757967311, ""801170_交通运输"": 0.06264599757967311}"
2020-07-01,2020-06-30,True,1316,0.7770608171492626,0.22260349581327032,0.00033568703746714217,0.653744524293377,0.2521186358183797,0.09413683988824324,0,Risk-On,0.10582075703378131,0.19184102863263922,0.37975970047818525,"医药生物,电子,传媒,电力设备","基础化工,建筑材料,家用电器","食品饮料,家用电器,公用事业",1.0,0.0,"{""801150_医药生物"": 0.16343613107334426, ""801080_电子"": 0.16343613107334426, ""801760_传媒"": 0.16343613107334426, ""801730_电力设备"": 0.16343613107334426, ""801030_基础化工"": 0.08403954527279323, ""801710_建筑材料"": 0.08403954527279323, ""801110_家用电器"": 0.11541849190220764, ""801120_食品饮料"": 0.031378946629414414, ""801160_公用事业"": 0.031378946629414414}"
2020-08-03,2020-07-31,False,1339,2.4241061045382336e-36,6.950177167747566e-08,0.9999999304982283,0.3268722621466885,0.12605935266007567,0.5470683851932358,2,Risk-Off,0.10582075703378131,0.19184102863263922,0.37975970047818525,"医药生物,国防军工,电力设备,电子","建筑材料,有色金属,基础化工","食品饮料,家用电器,公用事业",1.0,0.0,"{""801150_医药生物"": 0.08171806553667213, ""801740_国防军工"": 0.08171806553667213, ""801730_电力设备"": 0.08171806553667213, ""801080_电子"": 0.08171806553667213, ""801710_建筑材料"": 0.042019784220025225, ""801050_有色金属"": 0.042019784220025225, ""801030_基础化工"": 0.042019784220025225, ""801120_食品饮料"": 0.18235612839774523, ""801110_家用电器"": 0.18235612839774523, ""801160_公用事业"": 0.18235612839774523}"
2020-09-01,2020-08-31,False,1360,0.00037331637981460376,0.999104629300445,0.0005220543197403809,0.16362278926325155,0.5625819909802603,0.2737952197564881,1,Neutral,0.10582075703378131,0.19184102863263922,0.37975970047818525,"国防军工,医药生物,电力设备,传媒","建筑材料,基础化工,有色金属","食品饮料,交通运输,家用电器",0.9999999999999999,1.1102230246251565e-16,"{""801740_国防军工"": 0.04090569731581289, ""801150_医药生物"": 0.04090569731581289, ""801730_电力设备"": 0.04090569731581289, ""801760_传媒"": 0.04090569731581289, ""801710_建筑材料"": 0.18752733032675342, ""801030_基础化工"": 0.18752733032675342, ""801050_有色金属"": 0.18752733032675342, ""801120_食品饮料"": 0.09126507325216268, ""801170_交通运输"": 0.09126507325216268, ""801110_家用电器"": 0.09126507325216268}"
2020-10-09,2020-09-30,True,1382,0.0002664446957750996,0.999250797316074,0.0004827579881507894,0.08194461697951334,0.7809163941481673,0.13713898887231946,1,Neutral,0.10548951390229204,0.1919288530482693,0.37747104028170436,"电力设备,国防军工,汽车,医药生物","家用电器,基础化工,建筑材料","食品饮料,家用电器,交通运输",1.0,0.0,"{""801730_电力设备"": 0.020486154244878336, ""801740_国防军工"": 0.020486154244878336, ""801880_汽车"": 0.020486154244878336, ""801150_医药生物"": 0.020486154244878336, ""801110_家用电器"": 0.3060184610068289, ""801030_基础化工"": 0.26030546471605576, ""801710_建筑材料"": 0.26030546471605576, ""801120_食品饮料"": 0.04571299629077315, ""801170_交通运输"": 0.04571299629077315}"
2020-11-02,2020-10-30,False,1398,0.00021946852164572155,0.9986983507214509,0.001082180756903495,0.041082042750579535,0.889807372434809,0.06911058481461148,1,Neutral,0.10548951390229204,0.1919288530482693,0.37747104028170436,"汽车,电力设备,国防军工,机械设备","家用电器,基础化工,有色金属","食品饮料,家用电器,交通运输",0.9999999999999999,1.1102230246251565e-16,"{""801880_汽车"": 0.010270510687644884, ""801730_电力设备"": 0.010270510687644884, ""801740_国防军工"": 0.010270510687644884, ""801890_机械设备"": 0.010270510687644884, ""801110_家用电器"": 0.31963931908314014, ""801030_基础化工"": 0.29660245747826963, ""801050_有色金属"": 0.29660245747826963, ""801120_食品饮料"": 0.023036861604870493, ""801170_交通运输"": 0.023036861604870493}"
2020-12-01,2020-11-30,False,1419,0.031681349584274106,0.9676223810476837,0.000696269368042067,0.03638169616742683,0.9287148767412464,0.03490342709132678,1,Neutral,0.10548951390229204,0.1919288530482693,0.37747104028170436,"汽车,电力设备,国防军工,非银金融","有色金属,家用电器,基础化工","家用电器,食品饮料,交通运输",1.0,0.0,"{""801880_汽车"": 0.009095424041856707, ""801730_电力设备"": 0.009095424041856707, ""801740_国防军工"": 0.009095424041856707, ""801790_非银金融"": 0.009095424041856707, ""801050_有色金属"": 0.30957162558041545, ""801110_家用电器"": 0.32120610127752436, ""801030_基础化工"": 0.30957162558041545, ""801120_食品饮料"": 0.011634475697108926, ""801170_交通运输"": 0.011634475697108926}"
2021-01-04,2020-12-31,True,1442,0.0012868580544120858,0.9969598337518483,0.001753308193739755,0.018834277110919458,0.9628373552465473,0.018328367642533268,1,Neutral,0.10105556078310825,0.1697408769715713,0.33907415929582413,"电力设备,汽车,国防军工,机械设备","有色金属,家用电器,基础化工","食品饮料,家用电器,交通运输",1.0,0.0,"{""801730_电力设备"": 0.004708569277729864, ""801880_汽车"": 0.004708569277729864, ""801740_国防军工"": 0.004708569277729864, ""801890_机械设备"": 0.004708569277729864, ""801050_有色金属"": 0.3209457850821824, ""801110_家用电器"": 0.32705524096302685, ""801030_基础化工"": 0.3209457850821824, ""801120_食品饮料"": 0.006109455880844422, ""801170_交通运输"": 0.006109455880844422}"
2021-02-01,2021-01-29,False,1462,1.6150894223223066e-09,0.19844904485950962,0.801550953525401,0.00941713936300444,0.5806432000530285,0.40993966058396714,1,Neutral,0.10105556078310825,0.1697408769715713,0.33907415929582413,"电力设备,汽车,机械设备,电子","有色金属,银行,基础化工","食品饮料,家用电器,交通运输",1.0,0.0,"{""801730_电力设备"": 0.00235428484075111, ""801880_汽车"": 0.00235428484075111, ""801890_机械设备"": 0.00235428484075111, ""801080_电子"": 0.00235428484075111, ""801050_有色金属"": 0.1935477333510095, ""801780_银行"": 0.1935477333510095, ""801030_基础化工"": 0.1935477333510095, ""801120_食品饮料"": 0.13664655352798905, ""801110_家用电器"": 0.13664655352798905, ""801170_交通运输"": 0.13664655352798905}"
2021-03-01,2021-02-26,False,1477,8.333194908564509e-19,2.2598936251096087e-05,0.9999774010637489,0.00470856968150222,0.2903328994946398,0.704958530823858,2,Risk-Off,0.10105556078310825,0.1697408769715713,0.33907415929582413,"电力设备,汽车,机械设备,医药生物","有色金属,基础化工,钢铁","食品饮料,家用电器,交通运输",1.0,0.0,"{""801730_电力设备"": 0.001177142420375555, ""801880_汽车"": 0.001177142420375555, ""801890_机械设备"": 0.001177142420375555, ""801150_医药生物"": 0.001177142420375555, ""801050_有色金属"": 0.09677763316487993, ""801030_基础化工"": 0.09677763316487993, ""801040_钢铁"": 0.09677763316487993, ""801120_食品饮料"": 0.23498617694128598, ""801110_家用电器"": 0.23498617694128598, ""801170_交通运输"": 0.23498617694128598}"
2021-04-01,2021-03-31,True,1500,9.214000816663733e-21,1.3104791983140902e-05,0.9999868952080168,0.0023542848407511105,0.1451730021433115,0.8524727130159374,2,Risk-Off,0.10105556078310825,0.17007313092488938,0.33343798309257583,"电力设备,机械设备,汽车,医药生物","钢铁,银行,有色金属","公用事业,食品饮料,家用电器",1.0,0.0,"{""801730_电力设备"": 0.0005885712101877776, ""801890_机械设备"": 0.0005885712101877776, ""801880_汽车"": 0.0005885712101877776, ""801150_医药生物"": 0.0005885712101877776, ""801040_钢铁"": 0.048391000714437166, ""801780_银行"": 0.048391000714437166, ""801050_有色金属"": 0.048391000714437166, ""801160_公用事业"": 0.28415757100531247, ""801120_食品饮料"": 0.28415757100531247, ""801110_家用电器"": 0.28415757100531247}"
2021-05-06,2021-04-30,False,1521,0.0008472712389048656,0.9982505242409475,0.0009022045201475662,0.0016007780398279883,0.5717117631921296,0.42668745876804254,1,Neutral,0.10105556078310825,0.17007313092488938,0.33343798309257583,"电力设备,医药生物,机械设备,电子","钢铁,有色金属,基础化工","食品饮料,公用事业,交通运输",1.0000000000000002,0.0,"{""801730_电力设备"": 0.0004001945099569971, ""801150_医药生物"": 0.0004001945099569971, ""801890_机械设备"": 0.0004001945099569971, ""801080_电子"": 0.0004001945099569971, ""801040_钢铁"": 0.19057058773070984, ""801050_有色金属"": 0.19057058773070984, ""801030_基础化工"": 0.19057058773070984, ""801120_食品饮料"": 0.14222915292268085, ""801160_公用事业"": 0.14222915292268085, ""801170_交通运输"": 0.14222915292268085}"
2021-06-01,2021-05-31,False,1539,4.5835599995853115e-05,0.9991467788159455,0.0008073855840586788,0.0008233068199119205,0.7854292710040374,0.21374742217605056,1,Neutral,0.10105556078310825,0.17007313092488938,0.33343798309257583,"电力设备,医药生物,机械设备,汽车","有色金属,钢铁,基础化工","食品饮料,公用事业,交通运输",0.9999999999999998,2.220446049250313e-16,"{""801730_电力设备"": 0.00020582670497798012, ""801150_医药生物"": 0.00020582670497798012, ""801890_机械设备"": 0.00020582670497798012, ""801880_汽车"": 0.00020582670497798012, ""801050_有色金属"": 0.2618097570013458, ""801040_钢铁"": 0.2618097570013458, ""801030_基础化工"": 0.2618097570013458, ""801120_食品饮料"": 0.07124914072535019, ""801160_公用事业"": 0.07124914072535019, ""801170_交通运输"": 0.07124914072535019}"
2021-07-01,2021-06-30,True,1560,0.9922903865400899,0.007638555699484416,7.105776042561143e-05,0.49655684668000094,0.3965339133517609,0.10690923996823809,0,Risk-On,0.1015367336552031,0.17023882163550944,0.3327675969091126,"电力设备,电子,汽车,医药生物","基础化工,钢铁,有色金属","食品饮料,交通运输,公用事业",0.9999999999999999,1.1102230246251565e-16,"{""801730_电力设备"": 0.12413921167000024, ""801080_电子"": 0.12413921167000024, ""801880_汽车"": 0.12413921167000024, ""801150_医药生物"": 0.12413921167000024, ""801030_基础化工"": 0.13217797111725363, ""801040_钢铁"": 0.13217797111725363, ""801050_有色金属"": 0.13217797111725363, ""801120_食品饮料"": 0.03563641332274603, ""801170_交通运输"": 0.03563641332274603, ""801160_公用事业"": 0.03563641332274603}"
2021-08-02,2021-07-30,False,1582,6.648361363830212e-10,0.029661478862150547,0.9703385204730134,0.24827842367241854,0.21309769610695573,0.5386238802206258,2,Risk-Off,0.1015367336552031,0.17023882163550944,0.3327675969091126,"电力设备,电子,通信,汽车","有色金属,钢铁,基础化工","公用事业,交通运输,家用电器",0.9999999999999998,2.220446049250313e-16,"{""801730_电力设备"": 0.062069605918104634, ""801080_电子"": 0.062069605918104634, ""801770_通信"": 0.062069605918104634, ""801880_汽车"": 0.062069605918104634, ""801050_有色金属"": 0.07103256536898524, ""801040_钢铁"": 0.07103256536898524, ""801030_基础化工"": 0.07103256536898524, ""801160_公用事业"": 0.17954129340687525, ""801170_交通运输"": 0.17954129340687525, ""801110_家用电器"": 0.17954129340687525}"
2021-09-01,2021-08-31,False,1604,9.925944199094506e-05,0.9992605460443651,0.0006401945136439134,0.12418884155720473,0.6061791210756604,0.26963203736713487,1,Neutral,0.1015367336552031,0.17023882163550944,0.3327675969091126,"电力设备,国防军工,汽车,机械设备","有色金属,钢铁,基础化工","公用事业,交通运输,家用电器",1.0,0.0,"{""801730_电力设备"": 0.031047210389301184, ""801740_国防军工"": 0.031047210389301184, ""801880_汽车"": 0.031047210389301184, ""801890_机械设备"": 0.031047210389301184, ""801050_有色金属"": 0.20205970702522014, ""801040_钢铁"": 0.20205970702522014, ""801030_基础化工"": 0.20205970702522014, ""801160_公用事业"": 0.08987734578904495, ""801170_交通运输"": 0.08987734578904495, ""801110_家用电器"": 0.08987734578904495}"
2021-10-08,2021-09-30,True,1624,0.004400809429947649,0.9947021102558231,0.0008970803142291568,0.0642948254935762,0.8004406156657418,0.135264558840682,1,Neutral,0.10188520747095407,0.1704261796903605,0.32909041318835763,"电力设备,国防军工,汽车,机械设备","有色金属,基础化工,钢铁","公用事业,交通运输,食品饮料",1.0,0.0,"{""801730_电力设备"": 0.01607370637339405, ""801740_国防军工"": 0.01607370637339405, ""801880_汽车"": 0.01607370637339405, ""801890_机械设备"": 0.01607370637339405, ""801050_有色金属"": 0.26681353855524725, ""801030_基础化工"": 0.26681353855524725, ""801040_钢铁"": 0.26681353855524725, ""801160_公用事业"": 0.04508818628022733, ""801170_交通运输"": 0.04508818628022733, ""801120_食品饮料"": 0.04508818628022733}"
2021-11-01,2021-10-29,False,1640,0.991586368194714,0.00840801867737701,5.613127908874981e-06,0.5279405968441452,0.40442431717155947,0.06763508598429545,0,Risk-On,0.10188520747095407,0.1704261796903605,0.32909041318835763,"电力设备,汽车,国防军工,机械设备","基础化工,有色金属,建筑装饰","公用事业,交通运输,食品饮料",1.0,0.0,"{""801730_电力设备"": 0.1319851492110363, ""801880_汽车"": 0.1319851492110363, ""801740_国防军工"": 0.1319851492110363, ""801890_机械设备"": 0.1319851492110363, ""801030_基础化工"": 0.13480810572385316, ""801050_有色金属"": 0.13480810572385316, ""801720_建筑装饰"": 0.13480810572385316, ""801160_公用事业"": 0.022545028661431814, ""801170_交通运输"": 0.022545028661431814, ""801120_食品饮料"": 0.022545028661431814}"
2021-12-01,2021-11-30,False,1662,0.9999242993323657,7.567560721725918e-05,2.5060417127548158e-08,0.7639324480882554,0.20224999638938837,0.03381755552235629,0,Risk-On,0.10188520747095407,0.1704261796903605,0.32909041318835763,"电力设备,国防军工,汽车,电子","有色金属,基础化工,建筑装饰","公用事业,交通运输,食品饮料",1.0,0.0,"{""801730_电力设备"": 0.19098311202206386, ""801740_国防军工"": 0.19098311202206386, ""801880_汽车"": 0.19098311202206386, ""801080_电子"": 0.19098311202206386, ""801050_有色金属"": 0.06741666546312945, ""801030_基础化工"": 0.06741666546312945, ""801720_建筑装饰"": 0.06741666546312945, ""801160_公用事业"": 0.011272518507452096, ""801170_交通运输"": 0.011272518507452096, ""801120_食品饮料"": 0.011272518507452096}"
2022-01-04,2021-12-31,True,1685,0.6769266976862153,0.3228656079297998,0.00020769438398494412,0.7204295728872354,0.26255780215959407,0.017012624953170616,0,Risk-On,0.10738728729385556,0.18666776513502872,0.3652610916168883,"国防军工,传媒,通信,电力设备","建筑装饰,有色金属,基础化工","公用事业,交通运输,家用电器",1.0000000000000002,0.0,"{""801740_国防军工"": 0.18010739322180885, ""801760_传媒"": 0.18010739322180885, ""801770_通信"": 0.18010739322180885, ""801730_电力设备"": 0.18010739322180885, ""801720_建筑装饰"": 0.08751926738653135, ""801050_有色金属"": 0.08751926738653135, ""801030_基础化工"": 0.08751926738653135, ""801160_公用事业"": 0.005670874984390205, ""801170_交通运输"": 0.005670874984390205, ""801110_家用电器"": 0.005670874984390205}"
2022-02-07,2022-01-28,False,1704,0.000693354989503804,0.9986313424786077,0.0006753025318885323,0.36056146393836963,0.6305945723191009,0.008843963742529574,1,Neutral,0.10738728729385556,0.18666776513502872,0.3652610916168883,"传媒,非银金融,通信,计算机","建筑装饰,银行,建筑材料","交通运输,公用事业,家用电器",0.9999999999999999,1.1102230246251565e-16,"{""801760_传媒"": 0.09014036598459241, ""801790_非银金融"": 0.09014036598459241, ""801770_通信"": 0.09014036598459241, ""801750_计算机"": 0.09014036598459241, ""801720_建筑装饰"": 0.21019819077303362, ""801780_银行"": 0.21019819077303362, ""801710_建筑材料"": 0.21019819077303362, ""801170_交通运输"": 0.0029479879141765244, ""801160_公用事业"": 0.0029479879141765244, ""801110_家用电器"": 0.0029479879141765244}"
2022-03-01,2022-02-28,False,1720,0.0001484931292672756,0.999446751735498,0.0004047551352346962,0.18035497853381846,0.8150206620272995,0.004624359438882135,1,Neutral,0.10738728729385556,0.18666776513502872,0.3652610916168883,"通信,传媒,计算机,非银金融","建筑装饰,银行,有色金属","公用事业,交通运输,食品饮料",1.0,0.0,"{""801770_通信"": 0.045088744633454615, ""801760_传媒"": 0.045088744633454615, ""801750_计算机"": 0.045088744633454615, ""801790_非银金融"": 0.045088744633454615, ""801720_建筑装饰"": 0.2716735540090998, ""801780_银行"": 0.2716735540090998, ""801050_有色金属"": 0.2716735540090998, ""801160_公用事业"": 0.001541453146294045, ""801170_交通运输"": 0.001541453146294045, ""801120_食品饮料"": 0.001541453146294045}"
2022-04-01,2022-03-31,True,1743,7.903046184762874e-40,1.1269373024404561e-13,0.9999999999998872,0.09017748926690923,0.4075103310137061,0.5023121797193847,2,Risk-Off,0.10321780946349117,0.16905700318105496,0.328246136815018,"通信,传媒,医药生物,电力设备","建筑装饰,银行,有色金属","交通运输,公用事业,食品饮料",1.0,0.0,"{""801770_通信"": 0.022544372316727308, ""801760_传媒"": 0.022544372316727308, ""801150_医药生物"": 0.022544372316727308, ""801730_电力设备"": 0.022544372316727308, ""801720_建筑装饰"": 0.1358367770045687, ""801780_银行"": 0.1358367770045687, ""801050_有色金属"": 0.1358367770045687, ""801170_交通运输"": 0.1674373932397949, ""801160_公用事业"": 0.1674373932397949, ""801120_食品饮料"": 0.1674373932397949}"
2022-05-05,2022-04-29,False,1762,9.26951744797879e-30,1.6698660288341396e-09,0.999999998330134,0.045088744633454615,0.20375516634178606,0.7511560890247593,2,Risk-Off,0.10321780946349117,0.16905700318105496,0.328246136815018,"通信,医药生物,非银金融,传媒","建筑装饰,银行,建筑材料","交通运输,食品饮料,公用事业",1.0,0.0,"{""801770_通信"": 0.011272186158363654, ""801150_医药生物"": 0.011272186158363654, ""801790_非银金融"": 0.011272186158363654, ""801760_传媒"": 0.011272186158363654, ""801720_建筑装饰"": 0.06791838878059535, ""801780_银行"": 0.06791838878059535, ""801710_建筑材料"": 0.06791838878059535, ""801170_交通运输"": 0.2503853630082531, ""801120_食品饮料"": 0.2503853630082531, ""801160_公用事业"": 0.2503853630082531}"
2022-06-01,2022-05-31,False,1781,1.825164813663853e-07,0.49518255022042124,0.5048172672630973,0.022544463574967994,0.3494688582811037,0.6279866781439284,2,Risk-Off,0.10321780946349117,0.16905700318105496,0.328246136815018,"汽车,传媒,通信,非银金融","建筑装饰,建筑材料,银行","交通运输,公用事业,食品饮料",1.0,0.0,"{""801880_汽车"": 0.0056361158937419985, ""801760_传媒"": 0.0056361158937419985, ""801770_通信"": 0.0056361158937419985, ""801790_非银金融"": 0.0056361158937419985, ""801720_建筑装饰"": 0.11648961942703456, ""801710_建筑材料"": 0.11648961942703456, ""801780_银行"": 0.11648961942703456, ""801170_交通运输"": 0.20932889271464278, ""801160_公用事业"": 0.20932889271464278, ""801120_食品饮料"": 0.20932889271464278}"
2022-07-01,2022-06-30,True,1802,4.059766854286043e-05,0.9989041088926316,0.0010552934388255693,0.011292530621755427,0.6741864835868676,0.314520985791377,1,Neutral,0.10330863515821762,0.1692533975083702,0.32553766391811134,"汽车,电力设备,机械设备,通信","有色金属,基础化工,家用电器","食品饮料,交通运输,家用电器",1.0,0.0,"{""801880_汽车"": 0.0028231326554388567, ""801730_电力设备"": 0.0028231326554388567, ""801890_机械设备"": 0.0028231326554388567, ""801770_通信"": 0.0028231326554388567, ""801050_有色金属"": 0.2247288278622892, ""801030_基础化工"": 0.2247288278622892, ""801110_家用电器"": 0.32956915645941487, ""801120_食品饮料"": 0.10484032859712566, ""801170_交通运输"": 0.10484032859712566}"
2022-08-01,2022-07-29,False,1823,0.1525816145221057,0.8445826843324455,0.0028357011454488395,0.08193707257193056,0.7593845839596566,0.15867834346841292,1,Neutral,0.10330863515821762,0.1692533975083702,0.32553766391811134,"汽车,电力设备,机械设备,国防军工","有色金属,基础化工,家用电器","公用事业,交通运输,家用电器",0.9999999999999999,1.1102230246251565e-16,"{""801880_汽车"": 0.02048426814298264, ""801730_电力设备"": 0.02048426814298264, ""801890_机械设备"": 0.02048426814298264, ""801740_国防军工"": 0.02048426814298264, ""801050_有色金属"": 0.25312819465321884, ""801030_基础化工"": 0.25312819465321884, ""801110_家用电器"": 0.3060209758093565, ""801160_公用事业"": 0.05289278115613764, ""801170_交通运输"": 0.05289278115613764}"
2022-09-01,2022-08-31,False,1846,0.010444272135478078,0.9887423429604034,0.000813384904118403,0.046190672353704325,0.87406346346003,0.07974586418626567,1,Neutral,0.10330863515821762,0.1692533975083702,0.32553766391811134,"汽车,电力设备,通信,机械设备","家用电器,基础化工,建筑装饰","食品饮料,公用事业,家用电器",1.0,0.0,"{""801880_汽车"": 0.011547668088426081, ""801730_电力设备"": 0.011547668088426081, ""801770_通信"": 0.011547668088426081, ""801890_机械设备"": 0.011547668088426081, ""801110_家用电器"": 0.31793644254876524, ""801030_基础化工"": 0.29135448782001, ""801720_建筑装饰"": 0.29135448782001, ""801120_食品饮料"": 0.02658195472875522, ""801160_公用事业"": 0.02658195472875522}"
2022-10-10,2022-09-30,True,1867,0.00882591864149311,0.9904571537683484,0.0007169275901584515,0.027508295497598718,0.9322603086141892,0.04023139588821206,1,Neutral,0.10322998642396453,0.16728679005900582,0.32447444957898086,"国防军工,通信,汽车,机械设备","家用电器,基础化工,银行","食品饮料,交通运输,家用电器",1.0,0.0,"{""801740_国防军工"": 0.0068770738743996794, ""801770_通信"": 0.0068770738743996794, ""801880_汽车"": 0.0068770738743996794, ""801890_机械设备"": 0.0068770738743996794, ""801110_家用电器"": 0.32416390150080043, ""801030_基础化工"": 0.3107534362047297, ""801780_银行"": 0.3107534362047297, ""801120_食品饮料"": 0.013410465296070687, ""801170_交通运输"": 0.013410465296070687}"
2022-11-01,2022-10-31,False,1883,1.9505787840738103e-07,0.9072176947472165,0.092782110194905,0.013754245277738565,0.9197390016807029,0.06650675304155855,1,Neutral,0.10322998642396453,0.16728679005900582,0.32447444957898086,"国防军工,计算机,通信,机械设备","基础化工,有色金属,建筑装饰","交通运输,公用事业,家用电器",1.0,0.0,"{""801740_国防军工"": 0.003438561319434641, ""801750_计算机"": 0.003438561319434641, ""801770_通信"": 0.003438561319434641, ""801890_机械设备"": 0.003438561319434641, ""801030_基础化工"": 0.30657966722690094, ""801050_有色金属"": 0.30657966722690094, ""801720_建筑装饰"": 0.30657966722690094, ""801170_交通运输"": 0.022168917680519516, ""801160_公用事业"": 0.022168917680519516, ""801110_家用电器"": 0.022168917680519516}"
2022-12-01,2022-11-30,False,1905,3.608450111840547e-10,0.020008530998963322,0.9799914686401916,0.006877122819291788,0.4698737663398331,0.5232491108408751,2,Risk-Off,0.10322998642396453,0.16728679005900582,0.32447444957898086,"医药生物,计算机,机械设备,非银金融","建筑装饰,银行,家用电器","交通运输,公用事业,家用电器",0.9999999999999998,2.220446049250313e-16,"{""801150_医药生物"": 0.001719280704822947, ""801750_计算机"": 0.001719280704822947, ""801890_机械设备"": 0.001719280704822947, ""801790_非银金融"": 0.001719280704822947, ""801720_建筑装饰"": 0.15662458877994434, ""801780_银行"": 0.15662458877994434, ""801110_家用电器"": 0.331040959060236, ""801170_交通运输"": 0.1744163702802917, ""801160_公用事业"": 0.1744163702802917}"
2023-01-03,2022-12-30,True,1927,0.0963508237461883,0.9024835245486121,0.0011656517051996807,0.05161397328274004,0.6861786454442226,0.2622073812730374,1,Neutral,0.10367077617332225,0.16807636544856708,0.3219978805868988,"传媒,计算机,非银金融,医药生物","银行,建筑装饰,家用电器","交通运输,食品饮料,家用电器",0.9999999999999998,2.220446049250313e-16,"{""801760_传媒"": 0.01290349332068501, ""801750_计算机"": 0.01290349332068501, ""801790_非银金融"": 0.01290349332068501, ""801150_医药生物"": 0.01290349332068501, ""801780_银行"": 0.22872621514807417, ""801720_建筑装饰"": 0.22872621514807417, ""801110_家用电器"": 0.31612867557241997, ""801170_交通运输"": 0.0874024604243458, ""801120_食品饮料"": 0.0874024604243458}"
2023-02-01,2023-01-31,False,1943,0.9983758071385994,0.0015882128920795718,3.5979969321024965e-05,0.5249948902106697,0.34388342916815107,0.1311216806211792,0,Risk-On,0.10367077617332225,0.16807636544856708,0.3219978805868988,"非银金融,计算机,传媒,医药生物","银行,家用电器,建筑材料","食品饮料,家用电器,交通运输",1.0,0.0,"{""801790_非银金融"": 0.13124872255266742, ""801750_计算机"": 0.13124872255266742, ""801760_传媒"": 0.13124872255266742, ""801150_医药生物"": 0.13124872255266742, ""801780_银行"": 0.11462780972271702, ""801110_家用电器"": 0.15833503659644343, ""801710_建筑材料"": 0.11462780972271702, ""801120_食品饮料"": 0.0437072268737264, ""801170_交通运输"": 0.0437072268737264}"
2023-03-01,2023-02-28,False,1963,0.0015803232609438139,0.9977772767249551,0.000642400014101125,0.26328760673580676,0.6708303529465531,0.06588204031764017,1,Neutral,0.10367077617332225,0.16807636544856708,0.3219978805868988,"计算机,通信,传媒,医药生物","家用电器,钢铁,建筑材料","食品饮料,家用电器,交通运输",1.0,0.0,"{""801750_计算机"": 0.06582190168395169, ""801770_通信"": 0.06582190168395169, ""801760_传媒"": 0.06582190168395169, ""801150_医药生物"": 0.06582190168395169, ""801110_家用电器"": 0.2455707977547311, ""801040_钢铁"": 0.22361011764885103, ""801710_建筑材料"": 0.22361011764885103, ""801120_食品饮料"": 0.021960680105880055, ""801170_交通运输"": 0.021960680105880055}"
2023-04-03,2023-03-31,True,1986,0.9985287887978329,0.0014527626585578934,1.8448543609154893e-05,0.6309081977668198,0.3361415578025555,0.03295024443062466,0,Risk-On,0.10594989101277442,0.16835432865259717,0.32168096789556805,"计算机,传媒,通信,电子","建筑装饰,家用电器,钢铁","家用电器,食品饮料,交通运输",1.0,0.0,"{""801750_计算机"": 0.15772704944170496, ""801760_传媒"": 0.15772704944170496, ""801770_通信"": 0.15772704944170496, ""801080_电子"": 0.15772704944170496, ""801720_建筑装饰"": 0.11204718593418517, ""801110_家用电器"": 0.12303060074439338, ""801040_钢铁"": 0.11204718593418517, ""801120_食品饮料"": 0.010983414810208219, ""801170_交通运输"": 0.010983414810208219}"
2023-05-04,2023-04-28,False,2005,0.990614292261879,0.009318128651499549,6.757908662154269e-05,0.8107612450143494,0.17272984322702753,0.0165089117586231,0,Risk-On,0.10594989101277442,0.16835432865259717,0.32168096789556805,"传媒,通信,计算机,非银金融","建筑装饰,家用电器,银行","家用电器,食品饮料,公用事业",1.0,0.0,"{""801760_传媒"": 0.20269031125358736, ""801770_通信"": 0.20269031125358736, ""801750_计算机"": 0.20269031125358736, ""801790_非银金融"": 0.20269031125358736, ""801720_建筑装饰"": 0.05757661440900917, ""801110_家用电器"": 0.06307958499521688, ""801780_银行"": 0.05757661440900917, ""801120_食品饮料"": 0.0055029705862077, ""801160_公用事业"": 0.0055029705862077}"
2023-06-01,2023-05-31,False,2025,0.9760699591020956,0.02377256354247578,0.00015747735542870575,0.8934156020582225,0.09825120338475166,0.008333194557025903,0,Risk-On,0.10594989101277442,0.16835432865259717,0.32168096789556805,"传媒,通信,计算机,电子","建筑装饰,银行,家用电器","公用事业,家用电器,食品饮料",1.0,0.0,"{""801760_传媒"": 0.22335390051455561, ""801770_通信"": 0.22335390051455561, ""801750_计算机"": 0.22335390051455561, ""801080_电子"": 0.22335390051455561, ""801720_建筑装饰"": 0.03275040112825055, ""801780_银行"": 0.03275040112825055, ""801110_家用电器"": 0.03552813264725918, ""801160_公用事业"": 0.002777731519008634, ""801120_食品饮料"": 0.002777731519008634}"
2023-07-03,2023-06-30,True,2045,0.9242084655135012,0.07565932883018214,0.00013220565631664403,0.9088120337858618,0.0869552661074669,0.004232700106671273,0,Risk-On,0.1097969319422547,0.16972986169330398,0.32168096789556805,"通信,传媒,计算机,机械设备","家用电器,建筑装饰,银行","家用电器,公用事业,交通运输",1.0,0.0,"{""801770_通信"": 0.22720300844646546, ""801760_传媒"": 0.22720300844646546, ""801750_计算机"": 0.22720300844646546, ""801890_机械设备"": 0.22720300844646546, ""801110_家用电器"": 0.030395988738046057, ""801720_建筑装饰"": 0.028985088702488965, ""801780_银行"": 0.028985088702488965, ""801160_公用事业"": 0.001410900035557091, ""801170_交通运输"": 0.001410900035557091}"
2023-08-01,2023-07-31,False,2066,0.0022225449800574834,0.997120627793323,0.0006568272266196118,0.45551728938295966,0.542037946950395,0.0024447636666454424,1,Neutral,0.1097969319422547,0.16972986169330398,0.32168096789556805,"通信,非银金融,汽车,传媒","家用电器,建筑装饰,银行","家用电器,公用事业,食品饮料",1.0,0.0,"{""801770_通信"": 0.11387932234573991, ""801790_非银金融"": 0.11387932234573991, ""801880_汽车"": 0.11387932234573991, ""801760_传媒"": 0.11387932234573991, ""801110_家用电器"": 0.1814942368723468, ""801720_建筑装饰"": 0.18067931565013165, ""801780_银行"": 0.18067931565013165, ""801160_公用事业"": 0.0008149212222151475, ""801120_食品饮料"": 0.0008149212222151475}"
2023-09-01,2023-08-31,False,2089,0.014924425425787249,0.9841890546424867,0.0008865199317260047,0.2352208574043734,0.7631135007964407,0.001665641799185723,1,Neutral,0.1097969319422547,0.16972986169330398,0.32168096789556805,"传媒,通信,非银金融,汽车","家用电器,银行,建筑装饰","家用电器,公用事业,食品饮料",0.9999999999999998,2.220446049250313e-16,"{""801760_传媒"": 0.05880521435109335, ""801770_通信"": 0.05880521435109335, ""801790_非银金融"": 0.05880521435109335, ""801880_汽车"": 0.05880521435109335, ""801110_家用电器"": 0.2549263808652088, ""801780_银行"": 0.2543711669321469, ""801720_建筑装饰"": 0.2543711669321469, ""801160_公用事业"": 0.0005552139330619076, ""801120_食品饮料"": 0.0005552139330619076}"
2023-10-09,2023-09-28,True,2109,0.9974971157870554,0.00247800539924245,2.4878813702190752e-05,0.6163589865957144,0.3827957530978416,0.0008452603064439569,0,Risk-On,0.11070376277831198,0.16918800523837,0.32168096789556805,"非银金融,汽车,通信,医药生物","银行,家用电器,钢铁","家用电器,公用事业,食品饮料",0.9999999999999999,1.1102230246251565e-16,"{""801790_非银金融"": 0.1540897466489286, ""801880_汽车"": 0.1540897466489286, ""801770_通信"": 0.1540897466489286, ""801150_医药生物"": 0.1540897466489286, ""801780_银行"": 0.12759858436594718, ""801110_家用电器"": 0.1278803378014285, ""801040_钢铁"": 0.12759858436594718, ""801160_公用事业"": 0.00028175343548131896, ""801120_食品饮料"": 0.00028175343548131896}"
2023-11-01,2023-10-31,False,2126,0.986197813272794,0.013751881689627325,5.0305037578608885e-05,0.8012783999342542,0.19827381739373445,0.0004477826720112829,0,Risk-On,0.11070376277831198,0.16918800523837,0.32168096789556805,"汽车,电子,医药生物,非银金融","钢铁,家用电器,基础化工","家用电器,公用事业,食品饮料",1.0,0.0,"{""801880_汽车"": 0.20031959998356355, ""801080_电子"": 0.20031959998356355, ""801150_医药生物"": 0.20031959998356355, ""801790_非银金融"": 0.20031959998356355, ""801040_钢铁"": 0.06609127246457815, ""801110_家用电器"": 0.06624053335524857, ""801030_基础化工"": 0.06609127246457815, ""801160_公用事业"": 0.00014926089067042762, ""801120_食品饮料"": 0.00014926089067042762}"
2023-12-01,2023-11-30,False,2148,0.9999366624581425,5.151140368109148e-05,1.1826138176420975e-05,0.9006075311961983,0.09916266439870777,0.00022980440509385195,0,Risk-On,0.11070376277831198,0.16918800523837,0.32168096789556805,"汽车,医药生物,电子,机械设备","家用电器,钢铁,基础化工","家用电器,食品饮料,公用事业",1.0,0.0,"{""801880_汽车"": 0.22515188279904957, ""801150_医药生物"": 0.22515188279904957, ""801080_电子"": 0.22515188279904957, ""801890_机械设备"": 0.22515188279904957, ""801110_家用电器"": 0.03313082293460054, ""801040_钢铁"": 0.03305422146623592, ""801030_基础化工"": 0.03305422146623592, ""801120_食品饮料"": 7.66014683646173e-05, ""801160_公用事业"": 7.66014683646173e-05}"
2024-01-02,2023-12-29,True,2169,0.6292548220273847,0.3701729967726728,0.0005721811999426393,0.7649311766117914,0.2346678305856903,0.0004009928025182456,0,Risk-On,0.11220367907504947,0.16997593655235402,0.32168096789556805,"医药生物,电子,汽车,非银金融","有色金属,银行,家用电器","公用事业,家用电器,食品饮料",1.0,0.0,"{""801150_医药生物"": 0.19123279415294786, ""801080_电子"": 0.19123279415294786, ""801880_汽车"": 0.19123279415294786, ""801790_非银金融"": 0.19123279415294786, ""801050_有色金属"": 0.0782226101952301, ""801780_银行"": 0.0782226101952301, ""801110_家用电器"": 0.07835627446273617, ""801160_公用事业"": 0.00013366426750608187, ""801120_食品饮料"": 0.00013366426750608187}"
2024-02-01,2024-01-31,False,2191,0.000365568492521827,0.9987746535963872,0.0008597779110909005,0.3826483725521566,0.6167212420910387,0.0006303853568045731,1,Neutral,0.11220367907504947,0.16997593655235402,0.32168096789556805,"非银金融,医药生物,汽车,通信","银行,家用电器,建筑装饰","公用事业,家用电器,交通运输",1.0,0.0,"{""801790_非银金融"": 0.09566209313803915, ""801150_医药生物"": 0.09566209313803915, ""801880_汽车"": 0.09566209313803915, ""801770_通信"": 0.09566209313803915, ""801780_银行"": 0.20557374736367956, ""801110_家用电器"": 0.20578387581594776, ""801720_建筑装饰"": 0.20557374736367956, ""801160_公用事业"": 0.00021012845226819102, ""801170_交通运输"": 0.00021012845226819102}"
2024-03-01,2024-02-29,False,2206,2.815331425395411e-06,0.9730775731838702,0.026919611484704443,0.191325593941791,0.7948994076374545,0.013774998420754508,1,Neutral,0.11220367907504947,0.16997593655235402,0.32168096789556805,"通信,汽车,机械设备,电子","家用电器,银行,有色金属","家用电器,公用事业,交通运输",0.9999999999999999,1.1102230246251565e-16,"{""801770_通信"": 0.04783139848544775, ""801880_汽车"": 0.04783139848544775, ""801890_机械设备"": 0.04783139848544775, ""801080_电子"": 0.04783139848544775, ""801110_家用电器"": 0.2695581353527363, ""801780_银行"": 0.2649664692124848, ""801050_有色金属"": 0.2649664692124848, ""801160_公用事业"": 0.004591666140251503, ""801170_交通运输"": 0.004591666140251503}"
2024-04-01,2024-03-29,True,2227,0.9999213612087898,6.647293909614068e-05,1.2165852114046847e-05,0.5956234775752904,0.3974829402882753,0.006893582136434278,0,Risk-On,0.11349421636852691,0.17148358565049548,0.3223594857690328,"通信,汽车,传媒,机械设备","有色金属,家用电器,银行","家用电器,公用事业,交通运输",1.0,0.0,"{""801770_通信"": 0.1489058693938226, ""801880_汽车"": 0.1489058693938226, ""801760_传媒"": 0.1489058693938226, ""801890_机械设备"": 0.1489058693938226, ""801050_有色金属"": 0.13249431342942508, ""801110_家用电器"": 0.13479217414156985, ""801780_银行"": 0.13249431342942508, ""801160_公用事业"": 0.002297860712144759, ""801170_交通运输"": 0.002297860712144759}"
2024-05-06,2024-04-30,False,2247,0.013109014006011629,0.9861816761390402,0.0007093098549481301,0.304366245790651,0.6918323082136577,0.0038014459956912036,1,Neutral,0.11349421636852691,0.17148358565049548,0.3223594857690328,"通信,汽车,机械设备,传媒","家用电器,有色金属,银行","家用电器,公用事业,交通运输",0.9999999999999998,2.220446049250313e-16,"{""801770_通信"": 0.07609156144766276, ""801880_汽车"": 0.07609156144766276, ""801890_机械设备"": 0.07609156144766276, ""801760_传媒"": 0.07609156144766276, ""801110_家用电器"": 0.23187791806978295, ""801050_有色金属"": 0.23061076940455255, ""801780_银行"": 0.23061076940455255, ""801160_公用事业"": 0.0012671486652304012, ""801170_交通运输"": 0.0012671486652304012}"
2024-06-03,2024-05-31,False,2267,0.9995624230816018,0.00042301526758987084,1.4561650808318903e-05,0.6519643344361264,0.3461276617406238,0.0019080038232497612,0,Risk-On,0.11349421636852691,0.17148358565049548,0.3223594857690328,"通信,电力设备,国防军工,汽车","银行,有色金属,家用电器","公用事业,家用电器,交通运输",1.0,0.0,"{""801770_通信"": 0.1629910836090316, ""801730_电力设备"": 0.1629910836090316, ""801740_国防军工"": 0.1629910836090316, ""801880_汽车"": 0.1629910836090316, ""801780_银行"": 0.1153758872468746, ""801050_有色金属"": 0.1153758872468746, ""801110_家用电器"": 0.11601188852129118, ""801160_公用事业"": 0.0006360012744165871, ""801170_交通运输"": 0.0006360012744165871}"
2024-07-01,2024-06-28,True,2286,0.9999793362775798,1.899188013777157e-06,1.876453440644149e-05,0.8259718353568531,0.1730647804643188,0.0009633841788281014,0,Risk-On,0.1112974929681779,0.16902512338461573,0.32168096789556805,"通信,电子,汽车,国防军工","银行,家用电器,有色金属","公用事业,家用电器,交通运输",1.0,0.0,"{""801770_通信"": 0.2064929588392133, ""801080_电子"": 0.2064929588392133, ""801880_汽车"": 0.2064929588392133, ""801740_国防军工"": 0.2064929588392133, ""801780_银行"": 0.057688260154772936, ""801110_家用电器"": 0.058009388214382306, ""801050_有色金属"": 0.057688260154772936, ""801160_公用事业"": 0.0003211280596093671, ""801170_交通运输"": 0.0003211280596093671}"
2024-08-01,2024-07-31,False,2309,0.7634443464929204,0.2344527527560145,0.002102900751065111,0.7947080909248867,0.20375876661016665,0.0015331424649466063,0,Risk-On,0.1112974929681779,0.16902512338461573,0.32168096789556805,"电子,国防军工,通信,汽车","银行,家用电器,有色金属","公用事业,交通运输,家用电器",1.0,0.0,"{""801080_电子"": 0.19867702273122168, ""801740_国防军工"": 0.19867702273122168, ""801770_通信"": 0.19867702273122168, ""801880_汽车"": 0.19867702273122168, ""801780_银行"": 0.06791958887005554, ""801110_家用电器"": 0.06843063635837109, ""801050_有色金属"": 0.06791958887005554, ""801160_公用事业"": 0.0005110474883155354, ""801170_交通运输"": 0.0005110474883155354}"
2024-09-02,2024-08-30,False,2331,0.9998981442491428,5.7985413064494855e-05,4.387033779275423e-05,0.8973031175870149,0.10190837601161558,0.0007885064013696803,0,Risk-On,0.1112974929681779,0.16902512338461573,0.32168096789556805,"电子,非银金融,汽车,通信","银行,家用电器,有色金属","公用事业,交通运输,家用电器",1.0,0.0,"{""801080_电子"": 0.22432577939675372, ""801790_非银金融"": 0.22432577939675372, ""801880_汽车"": 0.22432577939675372, ""801770_通信"": 0.22432577939675372, ""801780_银行"": 0.03396945867053852, ""801110_家用电器"": 0.034232294137661747, ""801050_有色金属"": 0.03396945867053852, ""801160_公用事业"": 0.00026283546712322676, ""801170_交通运输"": 0.00026283546712322676}"
2024-10-08,2024-09-30,True,2350,1.6448452139059344e-68,1.6285618465212038e-33,1.0,0.44865155879350743,0.05095418800580779,0.5003942532006849,2,Risk-Off,0.11123113881740755,0.16899546942699561,0.32120233908596973,"非银金融,计算机,电子,通信","家用电器,银行,建筑材料","家用电器,交通运输,食品饮料",1.0,0.0,"{""801790_非银金融"": 0.11216288969837686, ""801750_计算机"": 0.11216288969837686, ""801080_电子"": 0.11216288969837686, ""801770_通信"": 0.11216288969837686, ""801110_家用电器"": 0.18378281373549754, ""801780_银行"": 0.01698472933526926, ""801710_建筑材料"": 0.01698472933526926, ""801170_交通运输"": 0.16679808440022828, ""801120_食品饮料"": 0.16679808440022828}"
2024-11-01,2024-10-31,False,2368,3.4602409678403905e-145,3.9808723838224475e-64,1.0,0.22432577939675372,0.025477094002903895,0.7501971266003424,2,Risk-Off,0.11123113881740755,0.16899546942699561,0.32120233908596973,"计算机,非银金融,电子,国防军工","建筑装饰,建筑材料,家用电器","家用电器,交通运输,公用事业",1.0,0.0,"{""801750_计算机"": 0.05608144484918843, ""801790_非银金融"": 0.05608144484918843, ""801080_电子"": 0.05608144484918843, ""801740_国防军工"": 0.05608144484918843, ""801720_建筑装饰"": 0.00849236466763463, ""801710_建筑材料"": 0.00849236466763463, ""801110_家用电器"": 0.25855807353441546, ""801170_交通运输"": 0.2500657088667808, ""801160_公用事业"": 0.2500657088667808}"
2024-12-02,2024-11-29,False,2389,1.8400792936906525e-11,0.0008659984568507712,0.9991340015247485,0.11216288970757725,0.013171546229877333,0.8746655640625455,2,Risk-Off,0.11123113881740755,0.16899546942699561,0.32120233908596973,"计算机,非银金融,传媒,电子","建筑装饰,建筑材料,基础化工","家用电器,交通运输,食品饮料",1.0,0.0,"{""801750_计算机"": 0.028040722426894312, ""801790_非银金融"": 0.028040722426894312, ""801760_传媒"": 0.028040722426894312, ""801080_电子"": 0.028040722426894312, ""801720_建筑装饰"": 0.004390515409959111, ""801710_建筑材料"": 0.004390515409959111, ""801030_基础化工"": 0.004390515409959111, ""801110_家用电器"": 0.29155518802084845, ""801170_交通运输"": 0.29155518802084845, ""801120_食品饮料"": 0.29155518802084845}"
2025-01-02,2024-12-31,True,2411,0.8915009514835688,0.10750984499384786,0.0009892035225833682,0.501831920595573,0.060340695611862595,0.4378273837925644,0,Risk-On,0.11139826675645591,0.1693448813440538,0.3246102034196414,"计算机,非银金融,电子,传媒","银行,家用电器,建筑装饰","家用电器,交通运输,食品饮料",1.0000000000000002,0.0,"{""801750_计算机"": 0.12545798014889326, ""801790_非银金融"": 0.12545798014889326, ""801080_电子"": 0.12545798014889326, ""801760_传媒"": 0.12545798014889326, ""801780_银行"": 0.020113565203954197, ""801110_家用电器"": 0.16605602646814233, ""801720_建筑装饰"": 0.020113565203954197, ""801170_交通运输"": 0.14594246126418814, ""801120_食品饮料"": 0.14594246126418814}"
2025-02-05,2025-01-27,False,2429,0.00038664779557827687,0.9989909298402467,0.0006224223641749584,0.25110928419557565,0.5296658127260546,0.2192249030783697,1,Neutral,0.11139826675645591,0.1693448813440538,0.3246102034196414,"计算机,传媒,电子,通信","银行,家用电器,基础化工","家用电器,交通运输,食品饮料",0.9999999999999998,2.220446049250313e-16,"{""801750_计算机"": 0.06277732104889391, ""801760_传媒"": 0.06277732104889391, ""801080_电子"": 0.06277732104889391, ""801770_通信"": 0.06277732104889391, ""801780_银行"": 0.17655527090868486, ""801110_家用电器"": 0.24963023860147476, ""801030_基础化工"": 0.17655527090868486, ""801170_交通运输"": 0.0730749676927899, ""801120_食品饮料"": 0.0730749676927899}"
2025-03-03,2025-02-28,False,2447,0.8976566400518842,0.09934129359619623,0.0030020663519194535,0.57438296212373,0.31450355316112544,0.11111348471514458,0,Risk-On,0.11139826675645591,0.1693448813440538,0.3246102034196414,"计算机,电子,机械设备,汽车","钢铁,基础化工,家用电器","家用电器,食品饮料,交通运输",0.9999999999999999,1.1102230246251565e-16,"{""801750_计算机"": 0.1435957405309325, ""801080_电子"": 0.1435957405309325, ""801890_机械设备"": 0.1435957405309325, ""801880_汽车"": 0.1435957405309325, ""801040_钢铁"": 0.10483451772037514, ""801030_基础化工"": 0.10483451772037514, ""801110_家用电器"": 0.14187234595875667, ""801120_食品饮料"": 0.037037828238381525, ""801170_交通运输"": 0.037037828238381525}"
2025-04-01,2025-03-31,True,2468,0.7747365149580718,0.2246421489941798,0.0006213360477484034,0.6745597385409009,0.2695728510776526,0.05586741038144649,0,Risk-On,0.11252515187951814,0.16952572574469063,0.3246102034196414,"计算机,机械设备,电子,汽车","有色金属,钢铁,家用电器","家用电器,食品饮料,交通运输",1.0,0.0,"{""801750_计算机"": 0.16863993463522522, ""801890_机械设备"": 0.16863993463522522, ""801080_电子"": 0.16863993463522522, ""801880_汽车"": 0.16863993463522522, ""801050_有色金属"": 0.0898576170258842, ""801040_钢铁"": 0.0898576170258842, ""801110_家用电器"": 0.10848008715303303, ""801120_食品饮料"": 0.01862247012714883, ""801170_交通运输"": 0.01862247012714883}"
2025-05-06,2025-04-30,False,2489,3.015921073193865e-20,9.38020601061904e-08,0.9999999061979399,0.33727986927045045,0.13478647243985636,0.5279336582896932,2,Risk-Off,0.11252515187951814,0.16952572574469063,0.3246102034196414,"汽车,机械设备,传媒,计算机","银行,基础化工,家用电器","食品饮料,公用事业,家用电器",1.0,0.0,"{""801880_汽车"": 0.08431996731761261, ""801890_机械设备"": 0.08431996731761261, ""801760_传媒"": 0.08431996731761261, ""801750_计算机"": 0.08431996731761261, ""801780_银行"": 0.044928824146618786, ""801030_基础化工"": 0.044928824146618786, ""801110_家用电器"": 0.22090671024318317, ""801120_食品饮料"": 0.1759778860965644, ""801160_公用事业"": 0.1759778860965644}"
2025-06-03,2025-05-30,False,2508,0.9999068072340852,6.482301515361773e-05,2.8369750761172474e-05,0.6685933382522679,0.06742564772750499,0.26398101402022717,0,Risk-On,0.11252515187951814,0.16952572574469063,0.3246102034196414,"汽车,医药生物,国防军工,机械设备","银行,家用电器,有色金属","家用电器,公用事业,交通运输",1.0,0.0,"{""801880_汽车"": 0.16714833456306696, ""801150_医药生物"": 0.16714833456306696, ""801740_国防军工"": 0.16714833456306696, ""801890_机械设备"": 0.16714833456306696, ""801780_银行"": 0.02247521590916833, ""801110_家用电器"": 0.11046888724924404, ""801050_有色金属"": 0.02247521590916833, ""801160_公用事业"": 0.08799367134007571, ""801170_交通运输"": 0.08799367134007571}"
2025-07-01,2025-06-30,True,2528,0.9999335900500562,2.477670164708731e-05,4.163324829663193e-05,0.834263464151162,0.03372521221457604,0.1320113236342619,0,Risk-On,0.1099194513269949,0.16816864408162152,0.3230877656507808,"国防军工,传媒,通信,医药生物","有色金属,银行,基础化工","公用事业,交通运输,家用电器",1.0,0.0,"{""801740_国防军工"": 0.2085658660377905, ""801760_传媒"": 0.2085658660377905, ""801770_通信"": 0.2085658660377905, ""801150_医药生物"": 0.2085658660377905, ""801050_有色金属"": 0.01124173740485868, ""801780_银行"": 0.01124173740485868, ""801030_基础化工"": 0.01124173740485868, ""801160_公用事业"": 0.04400377454475397, ""801170_交通运输"": 0.04400377454475397, ""801110_家用电器"": 0.04400377454475397}"
2025-08-01,2025-07-31,False,2551,0.9988759718771341,0.0003545578103989679,0.0007694703124669858,0.9165697180141481,0.017039885012487505,0.06639039697336445,0,Risk-On,0.1099194513269949,0.16816864408162152,0.3230877656507808,"医药生物,通信,国防军工,非银金融","钢铁,有色金属,建筑材料","交通运输,公用事业,家用电器",1.0,0.0,"{""801150_医药生物"": 0.22914242950353703, ""801770_通信"": 0.22914242950353703, ""801740_国防军工"": 0.22914242950353703, ""801790_非银金融"": 0.22914242950353703, ""801040_钢铁"": 0.005679961670829168, ""801050_有色金属"": 0.005679961670829168, ""801710_建筑材料"": 0.005679961670829168, ""801170_交通运输"": 0.022130132324454814, ""801160_公用事业"": 0.022130132324454814, ""801110_家用电器"": 0.022130132324454814}"
2025-09-01,2025-08-29,False,2572,0.15289909282344807,0.8460403256366462,0.0010605815399057424,0.5347344054187981,0.4315401053245669,0.03372548925663509,0,Risk-On,0.1099194513269949,0.16816864408162152,0.3230877656507808,"通信,电子,国防军工,电力设备","有色金属,建筑材料,基础化工","家用电器,公用事业,交通运输",0.9999999999999999,1.1102230246251565e-16,"{""801770_通信"": 0.13368360135469953, ""801080_电子"": 0.13368360135469953, ""801740_国防军工"": 0.13368360135469953, ""801730_电力设备"": 0.13368360135469953, ""801050_有色金属"": 0.14384670177485562, ""801710_建筑材料"": 0.14384670177485562, ""801030_基础化工"": 0.14384670177485562, ""801110_家用电器"": 0.011241829752211698, ""801160_公用事业"": 0.011241829752211698, ""801170_交通运输"": 0.011241829752211698}"
2025-10-09,2025-09-30,True,2594,0.0004507851845780261,0.9990500775332066,0.0004991372822152974,0.2675925953016881,0.7152950914288868,0.017112313269425198,1,Neutral,0.10870676197653838,0.16802854852694005,0.3230877656507808,"通信,电子,电力设备,机械设备","有色金属,基础化工,建筑材料","家用电器,交通运输,公用事业",1.0000000000000002,0.0,"{""801770_通信"": 0.06689814882542203, ""801080_电子"": 0.06689814882542203, ""801730_电力设备"": 0.06689814882542203, ""801890_机械设备"": 0.06689814882542203, ""801050_有色金属"": 0.23843169714296225, ""801030_基础化工"": 0.23843169714296225, ""801710_建筑材料"": 0.23843169714296225, ""801110_家用电器"": 0.005704104423141732, ""801170_交通运输"": 0.005704104423141732, ""801160_公用事业"": 0.005704104423141732}"
2025-11-03,2025-10-31,False,2611,7.89532086764083e-06,0.9968248076472536,0.0031672970318789217,0.13380024531127785,0.85605994953807,0.010139805150652059,1,Neutral,0.10870676197653838,0.16802854852694005,0.3230877656507808,"通信,电力设备,电子,机械设备","有色金属,基础化工,钢铁","公用事业,家用电器,交通运输",0.9999999999999999,1.1102230246251565e-16,"{""801770_通信"": 0.03345006132781946, ""801730_电力设备"": 0.03345006132781946, ""801080_电子"": 0.03345006132781946, ""801890_机械设备"": 0.03345006132781946, ""801050_有色金属"": 0.28535331651268997, ""801030_基础化工"": 0.28535331651268997, ""801040_钢铁"": 0.28535331651268997, ""801160_公用事业"": 0.0033799350502173526, ""801110_家用电器"": 0.0033799350502173526, ""801170_交通运输"": 0.0033799350502173526}"
2025-12-01,2025-11-28,False,2631,0.014114909983731883,0.9853488837102364,0.0005362063060316126,0.07395757764750488,0.9207044166241533,0.005338005728341836,1,Neutral,0.10870676197653838,0.16802854852694005,0.3230877656507808,"通信,电力设备,电子,传媒","有色金属,钢铁,基础化工","家用电器,公用事业,交通运输",1.0,0.0,"{""801770_通信"": 0.01848939441187622, ""801730_电力设备"": 0.01848939441187622, ""801080_电子"": 0.01848939441187622, ""801760_传媒"": 0.01848939441187622, ""801050_有色金属"": 0.3069014722080511, ""801040_钢铁"": 0.3069014722080511, ""801030_基础化工"": 0.3069014722080511, ""801110_家用电器"": 0.001779335242780612, ""801160_公用事业"": 0.001779335242780612, ""801170_交通运输"": 0.001779335242780612}"
